Analysis & Synthesis report for game
Wed Jun 25 07:10:58 2025
Quartus Prime Version 23.1std.1 Build 993 05/14/2024 SC Lite Edition


---------------------
; Table of Contents ;
---------------------
  1. Legal Notice
  2. Analysis & Synthesis Summary
  3. Analysis & Synthesis Settings
  4. Parallel Compilation
  5. Analysis & Synthesis Source Files Read
  6. Analysis & Synthesis Resource Usage Summary
  7. Analysis & Synthesis Resource Utilization by Entity
  8. Analysis & Synthesis RAM Summary
  9. State Machine - |game|player2_fsm:ken_fsm|current_state
 10. State Machine - |game|bot_fsm:ken_bot|current_state
 11. State Machine - |game|bot_fsm:ken_bot|bot_action
 12. State Machine - |game|player_fsm:fsm|current_state
 13. State Machine - |game|vga_driver:vga|v_state
 14. State Machine - |game|vga_driver:vga|h_state
 15. Registers Removed During Synthesis
 16. General Register Statistics
 17. Inverted Register Statistics
 18. Registers Packed Into Inferred Megafunctions
 19. Multiplexer Restructuring Statistics (Restructuring Performed)
 20. Source assignments for character_render:ken_lose|altsyncram:ken_lose_rom_rtl_0|altsyncram_aoe1:auto_generated
 21. Source assignments for character_render:ken_blockstun|altsyncram:ken_block_rom_rtl_0|altsyncram_0ne1:auto_generated
 22. Source assignments for character_render:ken_hitstun|altsyncram:ken_stun_rom_rtl_0|altsyncram_9oe1:auto_generated
 23. Source assignments for character_render:ken_dir_attack|altsyncram:ken_dir_attack_rom_rtl_0|altsyncram_1ne1:auto_generated
 24. Source assignments for character_render:ken_attack_inst|altsyncram:ken_attack_rom_rtl_0|altsyncram_vme1:auto_generated
 25. Source assignments for character_render:ken_idle|altsyncram:ken_idle_rom_rtl_0|altsyncram_ume1:auto_generated
 26. Source assignments for character_render:ryu_lose|altsyncram:ryu_lose_rom_rtl_0|altsyncram_tme1:auto_generated
 27. Source assignments for character_render:ryu_blockstun|altsyncram:ryu_block_rom_rtl_0|altsyncram_qme1:auto_generated
 28. Source assignments for character_render:ryu_hitstun|altsyncram:ryu_stun_rom_rtl_0|altsyncram_sme1:auto_generated
 29. Source assignments for character_render:ryu_dir_attack|altsyncram:ryu_dir_attack_rom_rtl_0|altsyncram_rme1:auto_generated
 30. Source assignments for character_render:ryu_attack|altsyncram:ryu_attack_rom_rtl_0|altsyncram_pme1:auto_generated
 31. Source assignments for character_render:ryu_idle|altsyncram:ryu_idle_rom_rtl_0|altsyncram_ome1:auto_generated
 32. Parameter Settings for User Entity Instance: Top-level Entity: |game
 33. Parameter Settings for User Entity Instance: clk_divider:game_clk_div
 34. Parameter Settings for User Entity Instance: clk_divider:vga_clk_div
 35. Parameter Settings for User Entity Instance: game_over_display:game_overcik
 36. Parameter Settings for User Entity Instance: health_block_bars:bars
 37. Parameter Settings for User Entity Instance: menu_background:menu_bg
 38. Parameter Settings for User Entity Instance: vga_driver:vga
 39. Parameter Settings for User Entity Instance: player_fsm:fsm
 40. Parameter Settings for User Entity Instance: bot_fsm:ken_bot
 41. Parameter Settings for User Entity Instance: player2_fsm:ken_fsm
 42. Parameter Settings for User Entity Instance: hit_detection:hit_detectcik
 43. Parameter Settings for User Entity Instance: character_render:ryu_idle
 44. Parameter Settings for User Entity Instance: character_render:ryu_attack
 45. Parameter Settings for User Entity Instance: character_render:ryu_dir_attack
 46. Parameter Settings for User Entity Instance: character_render:ryu_hitstun
 47. Parameter Settings for User Entity Instance: character_render:ryu_blockstun
 48. Parameter Settings for User Entity Instance: character_render:ryu_lose
 49. Parameter Settings for User Entity Instance: character_render:ken_idle
 50. Parameter Settings for User Entity Instance: character_render:ken_attack_inst
 51. Parameter Settings for User Entity Instance: character_render:ken_dir_attack
 52. Parameter Settings for User Entity Instance: character_render:ken_hitstun
 53. Parameter Settings for User Entity Instance: character_render:ken_blockstun
 54. Parameter Settings for User Entity Instance: background:background_inst
 55. Parameter Settings for User Entity Instance: character_render:ken_lose
 56. Parameter Settings for Inferred Entity Instance: character_render:ken_lose|altsyncram:ken_lose_rom_rtl_0
 57. Parameter Settings for Inferred Entity Instance: character_render:ken_blockstun|altsyncram:ken_block_rom_rtl_0
 58. Parameter Settings for Inferred Entity Instance: character_render:ken_hitstun|altsyncram:ken_stun_rom_rtl_0
 59. Parameter Settings for Inferred Entity Instance: character_render:ken_dir_attack|altsyncram:ken_dir_attack_rom_rtl_0
 60. Parameter Settings for Inferred Entity Instance: character_render:ken_attack_inst|altsyncram:ken_attack_rom_rtl_0
 61. Parameter Settings for Inferred Entity Instance: character_render:ken_idle|altsyncram:ken_idle_rom_rtl_0
 62. Parameter Settings for Inferred Entity Instance: character_render:ryu_lose|altsyncram:ryu_lose_rom_rtl_0
 63. Parameter Settings for Inferred Entity Instance: character_render:ryu_blockstun|altsyncram:ryu_block_rom_rtl_0
 64. Parameter Settings for Inferred Entity Instance: character_render:ryu_hitstun|altsyncram:ryu_stun_rom_rtl_0
 65. Parameter Settings for Inferred Entity Instance: character_render:ryu_dir_attack|altsyncram:ryu_dir_attack_rom_rtl_0
 66. Parameter Settings for Inferred Entity Instance: character_render:ryu_attack|altsyncram:ryu_attack_rom_rtl_0
 67. Parameter Settings for Inferred Entity Instance: character_render:ryu_idle|altsyncram:ryu_idle_rom_rtl_0
 68. Parameter Settings for Inferred Entity Instance: lpm_divide:Mod0
 69. Parameter Settings for Inferred Entity Instance: lpm_divide:Div0
 70. altsyncram Parameter Settings by Entity Instance
 71. Port Connectivity Checks: "hexto7seg:num_2_converter"
 72. Port Connectivity Checks: "hexto7seg:num_1_converter"
 73. Port Connectivity Checks: "hexto7seg:countdown_display_hex"
 74. Port Connectivity Checks: "character_render:ken_lose"
 75. Port Connectivity Checks: "character_render:ken_blockstun"
 76. Port Connectivity Checks: "character_render:ken_hitstun"
 77. Port Connectivity Checks: "character_render:ken_dir_attack"
 78. Port Connectivity Checks: "character_render:ken_attack_inst"
 79. Port Connectivity Checks: "character_render:ken_idle"
 80. Port Connectivity Checks: "character_render:ryu_lose"
 81. Port Connectivity Checks: "character_render:ryu_blockstun"
 82. Port Connectivity Checks: "character_render:ryu_hitstun"
 83. Port Connectivity Checks: "character_render:ryu_dir_attack"
 84. Port Connectivity Checks: "character_render:ryu_attack"
 85. Port Connectivity Checks: "character_render:ryu_idle"
 86. Port Connectivity Checks: "player2_fsm:ken_fsm"
 87. Port Connectivity Checks: "bot_fsm:ken_bot"
 88. Port Connectivity Checks: "player_fsm:fsm"
 89. Port Connectivity Checks: "vga_driver:vga"
 90. Port Connectivity Checks: "game_over_display:game_overcik"
 91. Port Connectivity Checks: "clk_divider:vga_clk_div"
 92. Port Connectivity Checks: "clk_divider:game_clk_div"
 93. Post-Synthesis Netlist Statistics for Top Partition
 94. Elapsed Time Per Partition
 95. Analysis & Synthesis Messages



----------------
; Legal Notice ;
----------------
Copyright (C) 2024  Intel Corporation. All rights reserved.
Your use of Intel Corporation's design tools, logic functions 
and other software and tools, and any partner logic 
functions, and any output files from any of the foregoing 
(including device programming or simulation files), and any 
associated documentation or information are expressly subject 
to the terms and conditions of the Intel Program License 
Subscription Agreement, the Intel Quartus Prime License Agreement,
the Intel FPGA IP License Agreement, or other applicable license
agreement, including, without limitation, that your use is for
the sole purpose of programming logic devices manufactured by
Intel and sold by Intel or its authorized distributors.  Please
refer to the applicable agreement for further details, at
https://fpgasoftware.intel.com/eula.



+----------------------------------------------------------------------------------+
; Analysis & Synthesis Summary                                                     ;
+---------------------------------+------------------------------------------------+
; Analysis & Synthesis Status     ; Successful - Wed Jun 25 07:10:58 2025          ;
; Quartus Prime Version           ; 23.1std.1 Build 993 05/14/2024 SC Lite Edition ;
; Revision Name                   ; game                                           ;
; Top-level Entity Name           ; game                                           ;
; Family                          ; Cyclone V                                      ;
; Logic utilization (in ALMs)     ; N/A                                            ;
; Total registers                 ; 454                                            ;
; Total pins                      ; 99                                             ;
; Total virtual pins              ; 0                                              ;
; Total block memory bits         ; 368,640                                        ;
; Total DSP Blocks                ; 0                                              ;
; Total HSSI RX PCSs              ; 0                                              ;
; Total HSSI PMA RX Deserializers ; 0                                              ;
; Total HSSI TX PCSs              ; 0                                              ;
; Total HSSI PMA TX Serializers   ; 0                                              ;
; Total PLLs                      ; 0                                              ;
; Total DLLs                      ; 0                                              ;
+---------------------------------+------------------------------------------------+


+---------------------------------------------------------------------------------------------------------------------------+
; Analysis & Synthesis Settings                                                                                             ;
+---------------------------------------------------------------------------------+--------------------+--------------------+
; Option                                                                          ; Setting            ; Default Value      ;
+---------------------------------------------------------------------------------+--------------------+--------------------+
; Device                                                                          ; 5CSEMA5F31C6       ;                    ;
; Top-level entity name                                                           ; game               ; game               ;
; Family name                                                                     ; Cyclone V          ; Cyclone V          ;
; Use smart compilation                                                           ; Off                ; Off                ;
; Enable parallel Assembler and Timing Analyzer during compilation                ; On                 ; On                 ;
; Enable compact report table                                                     ; Off                ; Off                ;
; Restructure Multiplexers                                                        ; Auto               ; Auto               ;
; MLAB Add Timing Constraints For Mixed-Port Feed-Through Mode Setting Don't Care ; Off                ; Off                ;
; Create Debugging Nodes for IP Cores                                             ; Off                ; Off                ;
; Preserve fewer node names                                                       ; On                 ; On                 ;
; Intel FPGA IP Evaluation Mode                                                   ; Enable             ; Enable             ;
; Verilog Version                                                                 ; Verilog_2001       ; Verilog_2001       ;
; VHDL Version                                                                    ; VHDL_1993          ; VHDL_1993          ;
; State Machine Processing                                                        ; Auto               ; Auto               ;
; Safe State Machine                                                              ; Off                ; Off                ;
; Extract Verilog State Machines                                                  ; On                 ; On                 ;
; Extract VHDL State Machines                                                     ; On                 ; On                 ;
; Ignore Verilog initial constructs                                               ; Off                ; Off                ;
; Iteration limit for constant Verilog loops                                      ; 5000               ; 5000               ;
; Iteration limit for non-constant Verilog loops                                  ; 250                ; 250                ;
; Add Pass-Through Logic to Inferred RAMs                                         ; On                 ; On                 ;
; Infer RAMs from Raw Logic                                                       ; On                 ; On                 ;
; Parallel Synthesis                                                              ; On                 ; On                 ;
; DSP Block Balancing                                                             ; Auto               ; Auto               ;
; NOT Gate Push-Back                                                              ; On                 ; On                 ;
; Power-Up Don't Care                                                             ; On                 ; On                 ;
; Remove Redundant Logic Cells                                                    ; Off                ; Off                ;
; Remove Duplicate Registers                                                      ; On                 ; On                 ;
; Ignore CARRY Buffers                                                            ; Off                ; Off                ;
; Ignore CASCADE Buffers                                                          ; Off                ; Off                ;
; Ignore GLOBAL Buffers                                                           ; Off                ; Off                ;
; Ignore ROW GLOBAL Buffers                                                       ; Off                ; Off                ;
; Ignore LCELL Buffers                                                            ; Off                ; Off                ;
; Ignore SOFT Buffers                                                             ; On                 ; On                 ;
; Limit AHDL Integers to 32 Bits                                                  ; Off                ; Off                ;
; Optimization Technique                                                          ; Balanced           ; Balanced           ;
; Carry Chain Length                                                              ; 70                 ; 70                 ;
; Auto Carry Chains                                                               ; On                 ; On                 ;
; Auto Open-Drain Pins                                                            ; On                 ; On                 ;
; Perform WYSIWYG Primitive Resynthesis                                           ; Off                ; Off                ;
; Auto ROM Replacement                                                            ; On                 ; On                 ;
; Auto RAM Replacement                                                            ; On                 ; On                 ;
; Auto DSP Block Replacement                                                      ; On                 ; On                 ;
; Auto Shift Register Replacement                                                 ; Auto               ; Auto               ;
; Allow Shift Register Merging across Hierarchies                                 ; Auto               ; Auto               ;
; Auto Clock Enable Replacement                                                   ; On                 ; On                 ;
; Strict RAM Replacement                                                          ; Off                ; Off                ;
; Allow Synchronous Control Signals                                               ; On                 ; On                 ;
; Force Use of Synchronous Clear Signals                                          ; Off                ; Off                ;
; Auto Resource Sharing                                                           ; Off                ; Off                ;
; Allow Any RAM Size For Recognition                                              ; Off                ; Off                ;
; Allow Any ROM Size For Recognition                                              ; Off                ; Off                ;
; Allow Any Shift Register Size For Recognition                                   ; Off                ; Off                ;
; Use LogicLock Constraints during Resource Balancing                             ; On                 ; On                 ;
; Ignore translate_off and synthesis_off directives                               ; Off                ; Off                ;
; Timing-Driven Synthesis                                                         ; On                 ; On                 ;
; Report Parameter Settings                                                       ; On                 ; On                 ;
; Report Source Assignments                                                       ; On                 ; On                 ;
; Report Connectivity Checks                                                      ; On                 ; On                 ;
; Ignore Maximum Fan-Out Assignments                                              ; Off                ; Off                ;
; Synchronization Register Chain Length                                           ; 3                  ; 3                  ;
; Power Optimization During Synthesis                                             ; Normal compilation ; Normal compilation ;
; HDL message level                                                               ; Level2             ; Level2             ;
; Suppress Register Optimization Related Messages                                 ; Off                ; Off                ;
; Number of Removed Registers Reported in Synthesis Report                        ; 5000               ; 5000               ;
; Number of Swept Nodes Reported in Synthesis Report                              ; 5000               ; 5000               ;
; Number of Inverted Registers Reported in Synthesis Report                       ; 100                ; 100                ;
; Clock MUX Protection                                                            ; On                 ; On                 ;
; Auto Gated Clock Conversion                                                     ; Off                ; Off                ;
; Block Design Naming                                                             ; Auto               ; Auto               ;
; SDC constraint protection                                                       ; Off                ; Off                ;
; Synthesis Effort                                                                ; Auto               ; Auto               ;
; Shift Register Replacement - Allow Asynchronous Clear Signal                    ; On                 ; On                 ;
; Pre-Mapping Resynthesis Optimization                                            ; Off                ; Off                ;
; Analysis & Synthesis Message Level                                              ; Medium             ; Medium             ;
; Disable Register Merging Across Hierarchies                                     ; Auto               ; Auto               ;
; Resource Aware Inference For Block RAM                                          ; On                 ; On                 ;
; Automatic Parallel Synthesis                                                    ; On                 ; On                 ;
; Partial Reconfiguration Bitstream ID                                            ; Off                ; Off                ;
+---------------------------------------------------------------------------------+--------------------+--------------------+


+------------------------------------------+
; Parallel Compilation                     ;
+----------------------------+-------------+
; Processors                 ; Number      ;
+----------------------------+-------------+
; Number detected on machine ; 12          ;
; Maximum allowed            ; 6           ;
;                            ;             ;
; Average used               ; 1.00        ;
; Maximum used               ; 6           ;
;                            ;             ;
; Usage by Processor         ; % Time Used ;
;     Processor 1            ; 100.0%      ;
;     Processor 2            ;   0.0%      ;
;     Processor 3            ;   0.0%      ;
;     Processor 4            ;   0.0%      ;
;     Processor 5            ;   0.0%      ;
;     Processor 6            ;   0.0%      ;
+----------------------------+-------------+


+----------------------------------------------------------------------------------------------------------------------------------------------------------------------------------------------------------------------------------+
; Analysis & Synthesis Source Files Read                                                                                                                                                                                           ;
+-------------------------------------------------+-----------------+-------------------------------------------------------+--------------------------------------------------------------------------------------------+---------+
; File Name with User-Entered Path                ; Used in Netlist ; File Type                                             ; File Name with Absolute Path                                                               ; Library ;
+-------------------------------------------------+-----------------+-------------------------------------------------------+--------------------------------------------------------------------------------------------+---------+
; bot_fsm.v                                       ; yes             ; User Verilog HDL File                                 ; C:/Users/mtalh/Desktop/ee314endtermproject/bot_fsm.v                                       ;         ;
; simple_background_rom.v                         ; yes             ; User Verilog HDL File                                 ; C:/Users/mtalh/Desktop/ee314endtermproject/simple_background_rom.v                         ;         ;
; game.v                                          ; yes             ; User Verilog HDL File                                 ; C:/Users/mtalh/Desktop/ee314endtermproject/game.v                                          ;         ;
; player_fsm.v                                    ; yes             ; User Verilog HDL File                                 ; C:/Users/mtalh/Desktop/ee314endtermproject/player_fsm.v                                    ;         ;
; vga_driver.v                                    ; yes             ; User Verilog HDL File                                 ; C:/Users/mtalh/Desktop/ee314endtermproject/vga_driver.v                                    ;         ;
; player2_fsm.v                                   ; yes             ; User Verilog HDL File                                 ; C:/Users/mtalh/Desktop/ee314endtermproject/player2_fsm.v                                   ;         ;
; character_render.v                              ; yes             ; User Verilog HDL File                                 ; C:/Users/mtalh/Desktop/ee314endtermproject/character_render.v                              ;         ;
; clk_divider.v                                   ; yes             ; User Verilog HDL File                                 ; C:/Users/mtalh/Desktop/ee314endtermproject/clk_divider.v                                   ;         ;
; menu_background.v                               ; yes             ; User Verilog HDL File                                 ; C:/Users/mtalh/Desktop/ee314endtermproject/menu_background.v                               ;         ;
; countdown_display.v                             ; yes             ; User Verilog HDL File                                 ; C:/Users/mtalh/Desktop/ee314endtermproject/countdown_display.v                             ;         ;
; counter_display.v                               ; yes             ; User Verilog HDL File                                 ; C:/Users/mtalh/Desktop/ee314endtermproject/counter_display.v                               ;         ;
; hit_detection.v                                 ; yes             ; User Verilog HDL File                                 ; C:/Users/mtalh/Desktop/ee314endtermproject/hit_detection.v                                 ;         ;
; health_block_bars.v                             ; yes             ; User Verilog HDL File                                 ; C:/Users/mtalh/Desktop/ee314endtermproject/health_block_bars.v                             ;         ;
; game_over_display.v                             ; yes             ; User Verilog HDL File                                 ; C:/Users/mtalh/Desktop/ee314endtermproject/game_over_display.v                             ;         ;
; hexto7seg.v                                     ; yes             ; User Verilog HDL File                                 ; C:/Users/mtalh/Desktop/ee314endtermproject/hexto7seg.v                                     ;         ;
; ryu_attack.hex                                  ; yes             ; Auto-Found Hexadecimal (Intel-Format) File            ; C:/Users/mtalh/Desktop/ee314endtermproject/ryu_attack.hex                                  ;         ;
; ken_lose.hex                                    ; yes             ; Auto-Found Hexadecimal (Intel-Format) File            ; C:/Users/mtalh/Desktop/ee314endtermproject/ken_lose.hex                                    ;         ;
; ryu_block.hex                                   ; yes             ; Auto-Found Hexadecimal (Intel-Format) File            ; C:/Users/mtalh/Desktop/ee314endtermproject/ryu_block.hex                                   ;         ;
; ken_dir_attack.hex                              ; yes             ; Auto-Found Hexadecimal (Intel-Format) File            ; C:/Users/mtalh/Desktop/ee314endtermproject/ken_dir_attack.hex                              ;         ;
; ryu_stun.hex                                    ; yes             ; Auto-Found Hexadecimal (Intel-Format) File            ; C:/Users/mtalh/Desktop/ee314endtermproject/ryu_stun.hex                                    ;         ;
; ken_stun.hex                                    ; yes             ; Auto-Found Hexadecimal (Intel-Format) File            ; C:/Users/mtalh/Desktop/ee314endtermproject/ken_stun.hex                                    ;         ;
; ryu_idle.hex                                    ; yes             ; Auto-Found Hexadecimal (Intel-Format) File            ; C:/Users/mtalh/Desktop/ee314endtermproject/ryu_idle.hex                                    ;         ;
; ken_block.hex                                   ; yes             ; Auto-Found Hexadecimal (Intel-Format) File            ; C:/Users/mtalh/Desktop/ee314endtermproject/ken_block.hex                                   ;         ;
; ryu_lose.hex                                    ; yes             ; Auto-Found Hexadecimal (Intel-Format) File            ; C:/Users/mtalh/Desktop/ee314endtermproject/ryu_lose.hex                                    ;         ;
; ken_attack.hex                                  ; yes             ; Auto-Found Hexadecimal (Intel-Format) File            ; C:/Users/mtalh/Desktop/ee314endtermproject/ken_attack.hex                                  ;         ;
; ryu_dir_attack.hex                              ; yes             ; Auto-Found Hexadecimal (Intel-Format) File            ; C:/Users/mtalh/Desktop/ee314endtermproject/ryu_dir_attack.hex                              ;         ;
; ken_idle.hex                                    ; yes             ; Auto-Found Hexadecimal (Intel-Format) File            ; C:/Users/mtalh/Desktop/ee314endtermproject/ken_idle.hex                                    ;         ;
; tolgabg.hex                                     ; yes             ; Auto-Found Hexadecimal (Intel-Format) File            ; C:/Users/mtalh/Desktop/ee314endtermproject/tolgabg.hex                                     ;         ;
; block_bar_full.hex                              ; yes             ; Auto-Found Hexadecimal (Intel-Format) File            ; C:/Users/mtalh/Desktop/ee314endtermproject/block_bar_full.hex                              ;         ;
; block_bar_empty.hex                             ; yes             ; Auto-Found Hexadecimal (Intel-Format) File            ; C:/Users/mtalh/Desktop/ee314endtermproject/block_bar_empty.hex                             ;         ;
; health_bar_empty.hex                            ; yes             ; Auto-Found Hexadecimal (Intel-Format) File            ; C:/Users/mtalh/Desktop/ee314endtermproject/health_bar_empty.hex                            ;         ;
; health_bar_full.hex                             ; yes             ; Auto-Found Hexadecimal (Intel-Format) File            ; C:/Users/mtalh/Desktop/ee314endtermproject/health_bar_full.hex                             ;         ;
; menu_arcade_bg.hex                              ; yes             ; Auto-Found Hexadecimal (Intel-Format) File            ; C:/Users/mtalh/Desktop/ee314endtermproject/menu_arcade_bg.hex                              ;         ;
; altsyncram.tdf                                  ; yes             ; Megafunction                                          ; c:/intelfpga_lite/23.1std/quartus/libraries/megafunctions/altsyncram.tdf                   ;         ;
; stratix_ram_block.inc                           ; yes             ; Megafunction                                          ; c:/intelfpga_lite/23.1std/quartus/libraries/megafunctions/stratix_ram_block.inc            ;         ;
; lpm_mux.inc                                     ; yes             ; Megafunction                                          ; c:/intelfpga_lite/23.1std/quartus/libraries/megafunctions/lpm_mux.inc                      ;         ;
; lpm_decode.inc                                  ; yes             ; Megafunction                                          ; c:/intelfpga_lite/23.1std/quartus/libraries/megafunctions/lpm_decode.inc                   ;         ;
; aglobal231.inc                                  ; yes             ; Megafunction                                          ; c:/intelfpga_lite/23.1std/quartus/libraries/megafunctions/aglobal231.inc                   ;         ;
; a_rdenreg.inc                                   ; yes             ; Megafunction                                          ; c:/intelfpga_lite/23.1std/quartus/libraries/megafunctions/a_rdenreg.inc                    ;         ;
; altrom.inc                                      ; yes             ; Megafunction                                          ; c:/intelfpga_lite/23.1std/quartus/libraries/megafunctions/altrom.inc                       ;         ;
; altram.inc                                      ; yes             ; Megafunction                                          ; c:/intelfpga_lite/23.1std/quartus/libraries/megafunctions/altram.inc                       ;         ;
; altdpram.inc                                    ; yes             ; Megafunction                                          ; c:/intelfpga_lite/23.1std/quartus/libraries/megafunctions/altdpram.inc                     ;         ;
; db/altsyncram_aoe1.tdf                          ; yes             ; Auto-Generated Megafunction                           ; C:/Users/mtalh/Desktop/ee314endtermproject/db/altsyncram_aoe1.tdf                          ;         ;
; db/game.ram11_character_render_5cbc1fe7.hdl.mif ; yes             ; Auto-Generated Auto-Found Memory Initialization File  ; C:/Users/mtalh/Desktop/ee314endtermproject/db/game.ram11_character_render_5cbc1fe7.hdl.mif ;         ;
; db/altsyncram_0ne1.tdf                          ; yes             ; Auto-Generated Megafunction                           ; C:/Users/mtalh/Desktop/ee314endtermproject/db/altsyncram_0ne1.tdf                          ;         ;
; db/game.ram8_character_render_5cbc1fe7.hdl.mif  ; yes             ; Auto-Generated Auto-Found Memory Initialization File  ; C:/Users/mtalh/Desktop/ee314endtermproject/db/game.ram8_character_render_5cbc1fe7.hdl.mif  ;         ;
; db/altsyncram_9oe1.tdf                          ; yes             ; Auto-Generated Megafunction                           ; C:/Users/mtalh/Desktop/ee314endtermproject/db/altsyncram_9oe1.tdf                          ;         ;
; db/game.ram10_character_render_5cbc1fe7.hdl.mif ; yes             ; Auto-Generated Auto-Found Memory Initialization File  ; C:/Users/mtalh/Desktop/ee314endtermproject/db/game.ram10_character_render_5cbc1fe7.hdl.mif ;         ;
; db/altsyncram_1ne1.tdf                          ; yes             ; Auto-Generated Megafunction                           ; C:/Users/mtalh/Desktop/ee314endtermproject/db/altsyncram_1ne1.tdf                          ;         ;
; db/game.ram9_character_render_5cbc1fe7.hdl.mif  ; yes             ; Auto-Generated Auto-Found Memory Initialization File  ; C:/Users/mtalh/Desktop/ee314endtermproject/db/game.ram9_character_render_5cbc1fe7.hdl.mif  ;         ;
; db/altsyncram_vme1.tdf                          ; yes             ; Auto-Generated Megafunction                           ; C:/Users/mtalh/Desktop/ee314endtermproject/db/altsyncram_vme1.tdf                          ;         ;
; db/game.ram7_character_render_5cbc1fe7.hdl.mif  ; yes             ; Auto-Generated Auto-Found Memory Initialization File  ; C:/Users/mtalh/Desktop/ee314endtermproject/db/game.ram7_character_render_5cbc1fe7.hdl.mif  ;         ;
; db/altsyncram_ume1.tdf                          ; yes             ; Auto-Generated Megafunction                           ; C:/Users/mtalh/Desktop/ee314endtermproject/db/altsyncram_ume1.tdf                          ;         ;
; db/game.ram6_character_render_5cbc1fe7.hdl.mif  ; yes             ; Auto-Generated Auto-Found Memory Initialization File  ; C:/Users/mtalh/Desktop/ee314endtermproject/db/game.ram6_character_render_5cbc1fe7.hdl.mif  ;         ;
; db/altsyncram_tme1.tdf                          ; yes             ; Auto-Generated Megafunction                           ; C:/Users/mtalh/Desktop/ee314endtermproject/db/altsyncram_tme1.tdf                          ;         ;
; db/game.ram5_character_render_5cbc1fe7.hdl.mif  ; yes             ; Auto-Generated Auto-Found Memory Initialization File  ; C:/Users/mtalh/Desktop/ee314endtermproject/db/game.ram5_character_render_5cbc1fe7.hdl.mif  ;         ;
; db/altsyncram_qme1.tdf                          ; yes             ; Auto-Generated Megafunction                           ; C:/Users/mtalh/Desktop/ee314endtermproject/db/altsyncram_qme1.tdf                          ;         ;
; db/game.ram2_character_render_5cbc1fe7.hdl.mif  ; yes             ; Auto-Generated Auto-Found Memory Initialization File  ; C:/Users/mtalh/Desktop/ee314endtermproject/db/game.ram2_character_render_5cbc1fe7.hdl.mif  ;         ;
; db/altsyncram_sme1.tdf                          ; yes             ; Auto-Generated Megafunction                           ; C:/Users/mtalh/Desktop/ee314endtermproject/db/altsyncram_sme1.tdf                          ;         ;
; db/game.ram4_character_render_5cbc1fe7.hdl.mif  ; yes             ; Auto-Generated Auto-Found Memory Initialization File  ; C:/Users/mtalh/Desktop/ee314endtermproject/db/game.ram4_character_render_5cbc1fe7.hdl.mif  ;         ;
; db/altsyncram_rme1.tdf                          ; yes             ; Auto-Generated Megafunction                           ; C:/Users/mtalh/Desktop/ee314endtermproject/db/altsyncram_rme1.tdf                          ;         ;
; db/game.ram3_character_render_5cbc1fe7.hdl.mif  ; yes             ; Auto-Generated Auto-Found Memory Initialization File  ; C:/Users/mtalh/Desktop/ee314endtermproject/db/game.ram3_character_render_5cbc1fe7.hdl.mif  ;         ;
; db/altsyncram_pme1.tdf                          ; yes             ; Auto-Generated Megafunction                           ; C:/Users/mtalh/Desktop/ee314endtermproject/db/altsyncram_pme1.tdf                          ;         ;
; db/game.ram1_character_render_5cbc1fe7.hdl.mif  ; yes             ; Auto-Generated Auto-Found Memory Initialization File  ; C:/Users/mtalh/Desktop/ee314endtermproject/db/game.ram1_character_render_5cbc1fe7.hdl.mif  ;         ;
; db/altsyncram_ome1.tdf                          ; yes             ; Auto-Generated Megafunction                           ; C:/Users/mtalh/Desktop/ee314endtermproject/db/altsyncram_ome1.tdf                          ;         ;
; db/game.ram0_character_render_5cbc1fe7.hdl.mif  ; yes             ; Auto-Generated Auto-Found Memory Initialization File  ; C:/Users/mtalh/Desktop/ee314endtermproject/db/game.ram0_character_render_5cbc1fe7.hdl.mif  ;         ;
; lpm_divide.tdf                                  ; yes             ; Megafunction                                          ; c:/intelfpga_lite/23.1std/quartus/libraries/megafunctions/lpm_divide.tdf                   ;         ;
; abs_divider.inc                                 ; yes             ; Megafunction                                          ; c:/intelfpga_lite/23.1std/quartus/libraries/megafunctions/abs_divider.inc                  ;         ;
; sign_div_unsign.inc                             ; yes             ; Megafunction                                          ; c:/intelfpga_lite/23.1std/quartus/libraries/megafunctions/sign_div_unsign.inc              ;         ;
; db/lpm_divide_72m.tdf                           ; yes             ; Auto-Generated Megafunction                           ; C:/Users/mtalh/Desktop/ee314endtermproject/db/lpm_divide_72m.tdf                           ;         ;
; db/sign_div_unsign_akh.tdf                      ; yes             ; Auto-Generated Megafunction                           ; C:/Users/mtalh/Desktop/ee314endtermproject/db/sign_div_unsign_akh.tdf                      ;         ;
; db/alt_u_div_qse.tdf                            ; yes             ; Auto-Generated Megafunction                           ; C:/Users/mtalh/Desktop/ee314endtermproject/db/alt_u_div_qse.tdf                            ;         ;
; db/lpm_divide_4am.tdf                           ; yes             ; Auto-Generated Megafunction                           ; C:/Users/mtalh/Desktop/ee314endtermproject/db/lpm_divide_4am.tdf                           ;         ;
+-------------------------------------------------+-----------------+-------------------------------------------------------+--------------------------------------------------------------------------------------------+---------+


+--------------------------------------------------------------------------+
; Analysis & Synthesis Resource Usage Summary                              ;
+---------------------------------------------+----------------------------+
; Resource                                    ; Usage                      ;
+---------------------------------------------+----------------------------+
; Estimate of Logic utilization (ALMs needed) ; 3789                       ;
;                                             ;                            ;
; Combinational ALUT usage for logic          ; 5182                       ;
;     -- 7 input functions                    ; 385                        ;
;     -- 6 input functions                    ; 1993                       ;
;     -- 5 input functions                    ; 786                        ;
;     -- 4 input functions                    ; 840                        ;
;     -- <=3 input functions                  ; 1178                       ;
;                                             ;                            ;
; Dedicated logic registers                   ; 454                        ;
;                                             ;                            ;
; I/O pins                                    ; 99                         ;
; Total MLAB memory bits                      ; 0                          ;
; Total block memory bits                     ; 368640                     ;
;                                             ;                            ;
; Total DSP Blocks                            ; 0                          ;
;                                             ;                            ;
; Maximum fan-out node                        ; vga_driver:vga|next_x[2]~4 ;
; Maximum fan-out                             ; 1467                       ;
; Total fan-out                               ; 27635                      ;
; Average fan-out                             ; 4.66                       ;
+---------------------------------------------+----------------------------+


+------------------------------------------------------------------------------------------------------------------------------------------------------------------------------------------------------------------------------------------------------------------------------------------------------+
; Analysis & Synthesis Resource Utilization by Entity                                                                                                                                                                                                                                                  ;
+---------------------------------------------+---------------------+---------------------------+-------------------+------------+------+--------------+----------------------------------------------------------------------------------------------------------+---------------------+--------------+
; Compilation Hierarchy Node                  ; Combinational ALUTs ; Dedicated Logic Registers ; Block Memory Bits ; DSP Blocks ; Pins ; Virtual Pins ; Full Hierarchy Name                                                                                      ; Entity Name         ; Library Name ;
+---------------------------------------------+---------------------+---------------------------+-------------------+------------+------+--------------+----------------------------------------------------------------------------------------------------------+---------------------+--------------+
; |game                                       ; 5182 (656)          ; 454 (100)                 ; 368640            ; 0          ; 99   ; 0            ; |game                                                                                                    ; game                ; work         ;
;    |background:background_inst|             ; 964 (964)           ; 0 (0)                     ; 0                 ; 0          ; 0    ; 0            ; |game|background:background_inst                                                                         ; background          ; work         ;
;    |bot_fsm:ken_bot|                        ; 85 (85)             ; 42 (42)                   ; 0                 ; 0          ; 0    ; 0            ; |game|bot_fsm:ken_bot                                                                                    ; bot_fsm             ; work         ;
;    |character_render:ken_attack_inst|       ; 9 (9)               ; 21 (21)                   ; 30720             ; 0          ; 0    ; 0            ; |game|character_render:ken_attack_inst                                                                   ; character_render    ; work         ;
;       |altsyncram:ken_attack_rom_rtl_0|     ; 0 (0)               ; 0 (0)                     ; 30720             ; 0          ; 0    ; 0            ; |game|character_render:ken_attack_inst|altsyncram:ken_attack_rom_rtl_0                                   ; altsyncram          ; work         ;
;          |altsyncram_vme1:auto_generated|   ; 0 (0)               ; 0 (0)                     ; 30720             ; 0          ; 0    ; 0            ; |game|character_render:ken_attack_inst|altsyncram:ken_attack_rom_rtl_0|altsyncram_vme1:auto_generated    ; altsyncram_vme1     ; work         ;
;    |character_render:ken_blockstun|         ; 2 (2)               ; 9 (9)                     ; 30720             ; 0          ; 0    ; 0            ; |game|character_render:ken_blockstun                                                                     ; character_render    ; work         ;
;       |altsyncram:ken_block_rom_rtl_0|      ; 0 (0)               ; 0 (0)                     ; 30720             ; 0          ; 0    ; 0            ; |game|character_render:ken_blockstun|altsyncram:ken_block_rom_rtl_0                                      ; altsyncram          ; work         ;
;          |altsyncram_0ne1:auto_generated|   ; 0 (0)               ; 0 (0)                     ; 30720             ; 0          ; 0    ; 0            ; |game|character_render:ken_blockstun|altsyncram:ken_block_rom_rtl_0|altsyncram_0ne1:auto_generated       ; altsyncram_0ne1     ; work         ;
;    |character_render:ken_dir_attack|        ; 2 (2)               ; 9 (9)                     ; 30720             ; 0          ; 0    ; 0            ; |game|character_render:ken_dir_attack                                                                    ; character_render    ; work         ;
;       |altsyncram:ken_dir_attack_rom_rtl_0| ; 0 (0)               ; 0 (0)                     ; 30720             ; 0          ; 0    ; 0            ; |game|character_render:ken_dir_attack|altsyncram:ken_dir_attack_rom_rtl_0                                ; altsyncram          ; work         ;
;          |altsyncram_1ne1:auto_generated|   ; 0 (0)               ; 0 (0)                     ; 30720             ; 0          ; 0    ; 0            ; |game|character_render:ken_dir_attack|altsyncram:ken_dir_attack_rom_rtl_0|altsyncram_1ne1:auto_generated ; altsyncram_1ne1     ; work         ;
;    |character_render:ken_hitstun|           ; 2 (2)               ; 9 (9)                     ; 30720             ; 0          ; 0    ; 0            ; |game|character_render:ken_hitstun                                                                       ; character_render    ; work         ;
;       |altsyncram:ken_stun_rom_rtl_0|       ; 0 (0)               ; 0 (0)                     ; 30720             ; 0          ; 0    ; 0            ; |game|character_render:ken_hitstun|altsyncram:ken_stun_rom_rtl_0                                         ; altsyncram          ; work         ;
;          |altsyncram_9oe1:auto_generated|   ; 0 (0)               ; 0 (0)                     ; 30720             ; 0          ; 0    ; 0            ; |game|character_render:ken_hitstun|altsyncram:ken_stun_rom_rtl_0|altsyncram_9oe1:auto_generated          ; altsyncram_9oe1     ; work         ;
;    |character_render:ken_idle|              ; 2 (2)               ; 9 (9)                     ; 30720             ; 0          ; 0    ; 0            ; |game|character_render:ken_idle                                                                          ; character_render    ; work         ;
;       |altsyncram:ken_idle_rom_rtl_0|       ; 0 (0)               ; 0 (0)                     ; 30720             ; 0          ; 0    ; 0            ; |game|character_render:ken_idle|altsyncram:ken_idle_rom_rtl_0                                            ; altsyncram          ; work         ;
;          |altsyncram_ume1:auto_generated|   ; 0 (0)               ; 0 (0)                     ; 30720             ; 0          ; 0    ; 0            ; |game|character_render:ken_idle|altsyncram:ken_idle_rom_rtl_0|altsyncram_ume1:auto_generated             ; altsyncram_ume1     ; work         ;
;    |character_render:ken_lose|              ; 24 (24)             ; 9 (9)                     ; 30720             ; 0          ; 0    ; 0            ; |game|character_render:ken_lose                                                                          ; character_render    ; work         ;
;       |altsyncram:ken_lose_rom_rtl_0|       ; 0 (0)               ; 0 (0)                     ; 30720             ; 0          ; 0    ; 0            ; |game|character_render:ken_lose|altsyncram:ken_lose_rom_rtl_0                                            ; altsyncram          ; work         ;
;          |altsyncram_aoe1:auto_generated|   ; 0 (0)               ; 0 (0)                     ; 30720             ; 0          ; 0    ; 0            ; |game|character_render:ken_lose|altsyncram:ken_lose_rom_rtl_0|altsyncram_aoe1:auto_generated             ; altsyncram_aoe1     ; work         ;
;    |character_render:ryu_attack|            ; 9 (9)               ; 21 (21)                   ; 30720             ; 0          ; 0    ; 0            ; |game|character_render:ryu_attack                                                                        ; character_render    ; work         ;
;       |altsyncram:ryu_attack_rom_rtl_0|     ; 0 (0)               ; 0 (0)                     ; 30720             ; 0          ; 0    ; 0            ; |game|character_render:ryu_attack|altsyncram:ryu_attack_rom_rtl_0                                        ; altsyncram          ; work         ;
;          |altsyncram_pme1:auto_generated|   ; 0 (0)               ; 0 (0)                     ; 30720             ; 0          ; 0    ; 0            ; |game|character_render:ryu_attack|altsyncram:ryu_attack_rom_rtl_0|altsyncram_pme1:auto_generated         ; altsyncram_pme1     ; work         ;
;    |character_render:ryu_blockstun|         ; 2 (2)               ; 9 (9)                     ; 30720             ; 0          ; 0    ; 0            ; |game|character_render:ryu_blockstun                                                                     ; character_render    ; work         ;
;       |altsyncram:ryu_block_rom_rtl_0|      ; 0 (0)               ; 0 (0)                     ; 30720             ; 0          ; 0    ; 0            ; |game|character_render:ryu_blockstun|altsyncram:ryu_block_rom_rtl_0                                      ; altsyncram          ; work         ;
;          |altsyncram_qme1:auto_generated|   ; 0 (0)               ; 0 (0)                     ; 30720             ; 0          ; 0    ; 0            ; |game|character_render:ryu_blockstun|altsyncram:ryu_block_rom_rtl_0|altsyncram_qme1:auto_generated       ; altsyncram_qme1     ; work         ;
;    |character_render:ryu_dir_attack|        ; 2 (2)               ; 9 (9)                     ; 30720             ; 0          ; 0    ; 0            ; |game|character_render:ryu_dir_attack                                                                    ; character_render    ; work         ;
;       |altsyncram:ryu_dir_attack_rom_rtl_0| ; 0 (0)               ; 0 (0)                     ; 30720             ; 0          ; 0    ; 0            ; |game|character_render:ryu_dir_attack|altsyncram:ryu_dir_attack_rom_rtl_0                                ; altsyncram          ; work         ;
;          |altsyncram_rme1:auto_generated|   ; 0 (0)               ; 0 (0)                     ; 30720             ; 0          ; 0    ; 0            ; |game|character_render:ryu_dir_attack|altsyncram:ryu_dir_attack_rom_rtl_0|altsyncram_rme1:auto_generated ; altsyncram_rme1     ; work         ;
;    |character_render:ryu_hitstun|           ; 2 (2)               ; 9 (9)                     ; 30720             ; 0          ; 0    ; 0            ; |game|character_render:ryu_hitstun                                                                       ; character_render    ; work         ;
;       |altsyncram:ryu_stun_rom_rtl_0|       ; 0 (0)               ; 0 (0)                     ; 30720             ; 0          ; 0    ; 0            ; |game|character_render:ryu_hitstun|altsyncram:ryu_stun_rom_rtl_0                                         ; altsyncram          ; work         ;
;          |altsyncram_sme1:auto_generated|   ; 0 (0)               ; 0 (0)                     ; 30720             ; 0          ; 0    ; 0            ; |game|character_render:ryu_hitstun|altsyncram:ryu_stun_rom_rtl_0|altsyncram_sme1:auto_generated          ; altsyncram_sme1     ; work         ;
;    |character_render:ryu_idle|              ; 2 (2)               ; 9 (9)                     ; 30720             ; 0          ; 0    ; 0            ; |game|character_render:ryu_idle                                                                          ; character_render    ; work         ;
;       |altsyncram:ryu_idle_rom_rtl_0|       ; 0 (0)               ; 0 (0)                     ; 30720             ; 0          ; 0    ; 0            ; |game|character_render:ryu_idle|altsyncram:ryu_idle_rom_rtl_0                                            ; altsyncram          ; work         ;
;          |altsyncram_ome1:auto_generated|   ; 0 (0)               ; 0 (0)                     ; 30720             ; 0          ; 0    ; 0            ; |game|character_render:ryu_idle|altsyncram:ryu_idle_rom_rtl_0|altsyncram_ome1:auto_generated             ; altsyncram_ome1     ; work         ;
;    |character_render:ryu_lose|              ; 15 (15)             ; 9 (9)                     ; 30720             ; 0          ; 0    ; 0            ; |game|character_render:ryu_lose                                                                          ; character_render    ; work         ;
;       |altsyncram:ryu_lose_rom_rtl_0|       ; 0 (0)               ; 0 (0)                     ; 30720             ; 0          ; 0    ; 0            ; |game|character_render:ryu_lose|altsyncram:ryu_lose_rom_rtl_0                                            ; altsyncram          ; work         ;
;          |altsyncram_tme1:auto_generated|   ; 0 (0)               ; 0 (0)                     ; 30720             ; 0          ; 0    ; 0            ; |game|character_render:ryu_lose|altsyncram:ryu_lose_rom_rtl_0|altsyncram_tme1:auto_generated             ; altsyncram_tme1     ; work         ;
;    |clk_divider:game_clk_div|               ; 40 (40)             ; 33 (33)                   ; 0                 ; 0          ; 0    ; 0            ; |game|clk_divider:game_clk_div                                                                           ; clk_divider         ; work         ;
;    |clk_divider:vga_clk_div|                ; 40 (40)             ; 33 (33)                   ; 0                 ; 0          ; 0    ; 0            ; |game|clk_divider:vga_clk_div                                                                            ; clk_divider         ; work         ;
;    |countdown_display:countdown_disp|       ; 23 (23)             ; 0 (0)                     ; 0                 ; 0          ; 0    ; 0            ; |game|countdown_display:countdown_disp                                                                   ; countdown_display   ; work         ;
;    |counter_display:counter_disp|           ; 31 (31)             ; 0 (0)                     ; 0                 ; 0          ; 0    ; 0            ; |game|counter_display:counter_disp                                                                       ; counter_display     ; work         ;
;    |game_over_display:game_overcik|         ; 126 (126)           ; 0 (0)                     ; 0                 ; 0          ; 0    ; 0            ; |game|game_over_display:game_overcik                                                                     ; game_over_display   ; work         ;
;    |health_block_bars:bars|                 ; 105 (105)           ; 0 (0)                     ; 0                 ; 0          ; 0    ; 0            ; |game|health_block_bars:bars                                                                             ; health_block_bars   ; work         ;
;    |hexto7seg:ones_converter|               ; 10 (10)             ; 0 (0)                     ; 0                 ; 0          ; 0    ; 0            ; |game|hexto7seg:ones_converter                                                                           ; hexto7seg           ; work         ;
;    |hexto7seg:tens_converter|               ; 9 (9)               ; 0 (0)                     ; 0                 ; 0          ; 0    ; 0            ; |game|hexto7seg:tens_converter                                                                           ; hexto7seg           ; work         ;
;    |hit_detection:hit_detectcik|            ; 138 (138)           ; 5 (5)                     ; 0                 ; 0          ; 0    ; 0            ; |game|hit_detection:hit_detectcik                                                                        ; hit_detection       ; work         ;
;    |lpm_divide:Div0|                        ; 38 (0)              ; 0 (0)                     ; 0                 ; 0          ; 0    ; 0            ; |game|lpm_divide:Div0                                                                                    ; lpm_divide          ; work         ;
;       |lpm_divide_4am:auto_generated|       ; 38 (0)              ; 0 (0)                     ; 0                 ; 0          ; 0    ; 0            ; |game|lpm_divide:Div0|lpm_divide_4am:auto_generated                                                      ; lpm_divide_4am      ; work         ;
;          |sign_div_unsign_akh:divider|      ; 38 (0)              ; 0 (0)                     ; 0                 ; 0          ; 0    ; 0            ; |game|lpm_divide:Div0|lpm_divide_4am:auto_generated|sign_div_unsign_akh:divider                          ; sign_div_unsign_akh ; work         ;
;             |alt_u_div_qse:divider|         ; 38 (38)             ; 0 (0)                     ; 0                 ; 0          ; 0    ; 0            ; |game|lpm_divide:Div0|lpm_divide_4am:auto_generated|sign_div_unsign_akh:divider|alt_u_div_qse:divider    ; alt_u_div_qse       ; work         ;
;    |lpm_divide:Mod0|                        ; 44 (0)              ; 0 (0)                     ; 0                 ; 0          ; 0    ; 0            ; |game|lpm_divide:Mod0                                                                                    ; lpm_divide          ; work         ;
;       |lpm_divide_72m:auto_generated|       ; 44 (0)              ; 0 (0)                     ; 0                 ; 0          ; 0    ; 0            ; |game|lpm_divide:Mod0|lpm_divide_72m:auto_generated                                                      ; lpm_divide_72m      ; work         ;
;          |sign_div_unsign_akh:divider|      ; 44 (0)              ; 0 (0)                     ; 0                 ; 0          ; 0    ; 0            ; |game|lpm_divide:Mod0|lpm_divide_72m:auto_generated|sign_div_unsign_akh:divider                          ; sign_div_unsign_akh ; work         ;
;             |alt_u_div_qse:divider|         ; 44 (44)             ; 0 (0)                     ; 0                 ; 0          ; 0    ; 0            ; |game|lpm_divide:Mod0|lpm_divide_72m:auto_generated|sign_div_unsign_akh:divider|alt_u_div_qse:divider    ; alt_u_div_qse       ; work         ;
;    |menu_background:menu_bg|                ; 2242 (2242)         ; 0 (0)                     ; 0                 ; 0          ; 0    ; 0            ; |game|menu_background:menu_bg                                                                            ; menu_background     ; work         ;
;    |player2_fsm:ken_fsm|                    ; 205 (205)           ; 35 (35)                   ; 0                 ; 0          ; 0    ; 0            ; |game|player2_fsm:ken_fsm                                                                                ; player2_fsm         ; work         ;
;    |player_fsm:fsm|                         ; 192 (192)           ; 35 (35)                   ; 0                 ; 0          ; 0    ; 0            ; |game|player_fsm:fsm                                                                                     ; player_fsm          ; work         ;
;    |vga_driver:vga|                         ; 161 (161)           ; 39 (39)                   ; 0                 ; 0          ; 0    ; 0            ; |game|vga_driver:vga                                                                                     ; vga_driver          ; work         ;
+---------------------------------------------+---------------------+---------------------------+-------------------+------------+------+--------------+----------------------------------------------------------------------------------------------------------+---------------------+--------------+
Note: For table entries with two numbers listed, the numbers in parentheses indicate the number of resources of the given type used by the specific entity alone. The numbers listed outside of parentheses indicate the total resources of the given type used by the specific entity and all of its sub-entities in the hierarchy.


+---------------------------------------------------------------------------------------------------------------------------------------------------------------------------------------------------------------------------------------------------+
; Analysis & Synthesis RAM Summary                                                                                                                                                                                                                  ;
+---------------------------------------------------------------------------------------------------------------+------+------+--------------+--------------+--------------+--------------+-------+-------------------------------------------------+
; Name                                                                                                          ; Type ; Mode ; Port A Depth ; Port A Width ; Port B Depth ; Port B Width ; Size  ; MIF                                             ;
+---------------------------------------------------------------------------------------------------------------+------+------+--------------+--------------+--------------+--------------+-------+-------------------------------------------------+
; character_render:ken_attack_inst|altsyncram:ken_attack_rom_rtl_0|altsyncram_vme1:auto_generated|ALTSYNCRAM    ; AUTO ; ROM  ; 3840         ; 8            ; --           ; --           ; 30720 ; db/game.ram7_character_render_5cbc1fe7.hdl.mif  ;
; character_render:ken_blockstun|altsyncram:ken_block_rom_rtl_0|altsyncram_0ne1:auto_generated|ALTSYNCRAM       ; AUTO ; ROM  ; 3840         ; 8            ; --           ; --           ; 30720 ; db/game.ram8_character_render_5cbc1fe7.hdl.mif  ;
; character_render:ken_dir_attack|altsyncram:ken_dir_attack_rom_rtl_0|altsyncram_1ne1:auto_generated|ALTSYNCRAM ; AUTO ; ROM  ; 3840         ; 8            ; --           ; --           ; 30720 ; db/game.ram9_character_render_5cbc1fe7.hdl.mif  ;
; character_render:ken_hitstun|altsyncram:ken_stun_rom_rtl_0|altsyncram_9oe1:auto_generated|ALTSYNCRAM          ; AUTO ; ROM  ; 3840         ; 8            ; --           ; --           ; 30720 ; db/game.ram10_character_render_5cbc1fe7.hdl.mif ;
; character_render:ken_idle|altsyncram:ken_idle_rom_rtl_0|altsyncram_ume1:auto_generated|ALTSYNCRAM             ; AUTO ; ROM  ; 3840         ; 8            ; --           ; --           ; 30720 ; db/game.ram6_character_render_5cbc1fe7.hdl.mif  ;
; character_render:ken_lose|altsyncram:ken_lose_rom_rtl_0|altsyncram_aoe1:auto_generated|ALTSYNCRAM             ; AUTO ; ROM  ; 3840         ; 8            ; --           ; --           ; 30720 ; db/game.ram11_character_render_5cbc1fe7.hdl.mif ;
; character_render:ryu_attack|altsyncram:ryu_attack_rom_rtl_0|altsyncram_pme1:auto_generated|ALTSYNCRAM         ; AUTO ; ROM  ; 3840         ; 8            ; --           ; --           ; 30720 ; db/game.ram1_character_render_5cbc1fe7.hdl.mif  ;
; character_render:ryu_blockstun|altsyncram:ryu_block_rom_rtl_0|altsyncram_qme1:auto_generated|ALTSYNCRAM       ; AUTO ; ROM  ; 3840         ; 8            ; --           ; --           ; 30720 ; db/game.ram2_character_render_5cbc1fe7.hdl.mif  ;
; character_render:ryu_dir_attack|altsyncram:ryu_dir_attack_rom_rtl_0|altsyncram_rme1:auto_generated|ALTSYNCRAM ; AUTO ; ROM  ; 3840         ; 8            ; --           ; --           ; 30720 ; db/game.ram3_character_render_5cbc1fe7.hdl.mif  ;
; character_render:ryu_hitstun|altsyncram:ryu_stun_rom_rtl_0|altsyncram_sme1:auto_generated|ALTSYNCRAM          ; AUTO ; ROM  ; 3840         ; 8            ; --           ; --           ; 30720 ; db/game.ram4_character_render_5cbc1fe7.hdl.mif  ;
; character_render:ryu_idle|altsyncram:ryu_idle_rom_rtl_0|altsyncram_ome1:auto_generated|ALTSYNCRAM             ; AUTO ; ROM  ; 3840         ; 8            ; --           ; --           ; 30720 ; db/game.ram0_character_render_5cbc1fe7.hdl.mif  ;
; character_render:ryu_lose|altsyncram:ryu_lose_rom_rtl_0|altsyncram_tme1:auto_generated|ALTSYNCRAM             ; AUTO ; ROM  ; 3840         ; 8            ; --           ; --           ; 30720 ; db/game.ram5_character_render_5cbc1fe7.hdl.mif  ;
+---------------------------------------------------------------------------------------------------------------+------+------+--------------+--------------+--------------+--------------+-------+-------------------------------------------------+


Encoding Type:  One-Hot
+------------------------------------------------------------------------------------------------------------------------------------------------------------------------------------------------------------------------------------------------------------------------------------------------------------------------------------------------------------------------------------+
; State Machine - |game|player2_fsm:ken_fsm|current_state                                                                                                                                                                                                                                                                                                                            ;
+----------------------------------+--------------------+-------------------------+-----------------------+----------------------------------+---------------------------------+----------------------------------+------------------------------+-----------------------------+------------------------------+------------------------+------------------------+--------------------+
; Name                             ; current_state.LOSE ; current_state.BLOCKSTUN ; current_state.HITSTUN ; current_state.DIR_ATTACK_RECOVER ; current_state.DIR_ATTACK_ACTIVE ; current_state.DIR_ATTACK_STARTUP ; current_state.ATTACK_RECOVER ; current_state.ATTACK_ACTIVE ; current_state.ATTACK_STARTUP ; current_state.MOVING_R ; current_state.MOVING_L ; current_state.IDLE ;
+----------------------------------+--------------------+-------------------------+-----------------------+----------------------------------+---------------------------------+----------------------------------+------------------------------+-----------------------------+------------------------------+------------------------+------------------------+--------------------+
; current_state.IDLE               ; 0                  ; 0                       ; 0                     ; 0                                ; 0                               ; 0                                ; 0                            ; 0                           ; 0                            ; 0                      ; 0                      ; 0                  ;
; current_state.MOVING_L           ; 0                  ; 0                       ; 0                     ; 0                                ; 0                               ; 0                                ; 0                            ; 0                           ; 0                            ; 0                      ; 1                      ; 1                  ;
; current_state.MOVING_R           ; 0                  ; 0                       ; 0                     ; 0                                ; 0                               ; 0                                ; 0                            ; 0                           ; 0                            ; 1                      ; 0                      ; 1                  ;
; current_state.ATTACK_STARTUP     ; 0                  ; 0                       ; 0                     ; 0                                ; 0                               ; 0                                ; 0                            ; 0                           ; 1                            ; 0                      ; 0                      ; 1                  ;
; current_state.ATTACK_ACTIVE      ; 0                  ; 0                       ; 0                     ; 0                                ; 0                               ; 0                                ; 0                            ; 1                           ; 0                            ; 0                      ; 0                      ; 1                  ;
; current_state.ATTACK_RECOVER     ; 0                  ; 0                       ; 0                     ; 0                                ; 0                               ; 0                                ; 1                            ; 0                           ; 0                            ; 0                      ; 0                      ; 1                  ;
; current_state.DIR_ATTACK_STARTUP ; 0                  ; 0                       ; 0                     ; 0                                ; 0                               ; 1                                ; 0                            ; 0                           ; 0                            ; 0                      ; 0                      ; 1                  ;
; current_state.DIR_ATTACK_ACTIVE  ; 0                  ; 0                       ; 0                     ; 0                                ; 1                               ; 0                                ; 0                            ; 0                           ; 0                            ; 0                      ; 0                      ; 1                  ;
; current_state.DIR_ATTACK_RECOVER ; 0                  ; 0                       ; 0                     ; 1                                ; 0                               ; 0                                ; 0                            ; 0                           ; 0                            ; 0                      ; 0                      ; 1                  ;
; current_state.HITSTUN            ; 0                  ; 0                       ; 1                     ; 0                                ; 0                               ; 0                                ; 0                            ; 0                           ; 0                            ; 0                      ; 0                      ; 1                  ;
; current_state.BLOCKSTUN          ; 0                  ; 1                       ; 0                     ; 0                                ; 0                               ; 0                                ; 0                            ; 0                           ; 0                            ; 0                      ; 0                      ; 1                  ;
; current_state.LOSE               ; 1                  ; 0                       ; 0                     ; 0                                ; 0                               ; 0                                ; 0                            ; 0                           ; 0                            ; 0                      ; 0                      ; 1                  ;
+----------------------------------+--------------------+-------------------------+-----------------------+----------------------------------+---------------------------------+----------------------------------+------------------------------+-----------------------------+------------------------------+------------------------+------------------------+--------------------+


Encoding Type:  One-Hot
+------------------------------------------------------------------------------------------------------------------------------------------------------------------------------------------------------------------------------------------------------------------------------------------------------------------------------------------------------------------------------------+
; State Machine - |game|bot_fsm:ken_bot|current_state                                                                                                                                                                                                                                                                                                                                ;
+----------------------------------+--------------------+-------------------------+-----------------------+----------------------------------+---------------------------------+----------------------------------+------------------------------+-----------------------------+------------------------------+------------------------+------------------------+--------------------+
; Name                             ; current_state.LOSE ; current_state.BLOCKSTUN ; current_state.HITSTUN ; current_state.DIR_ATTACK_RECOVER ; current_state.DIR_ATTACK_ACTIVE ; current_state.DIR_ATTACK_STARTUP ; current_state.ATTACK_RECOVER ; current_state.ATTACK_ACTIVE ; current_state.ATTACK_STARTUP ; current_state.MOVING_R ; current_state.MOVING_L ; current_state.IDLE ;
+----------------------------------+--------------------+-------------------------+-----------------------+----------------------------------+---------------------------------+----------------------------------+------------------------------+-----------------------------+------------------------------+------------------------+------------------------+--------------------+
; current_state.IDLE               ; 0                  ; 0                       ; 0                     ; 0                                ; 0                               ; 0                                ; 0                            ; 0                           ; 0                            ; 0                      ; 0                      ; 0                  ;
; current_state.MOVING_L           ; 0                  ; 0                       ; 0                     ; 0                                ; 0                               ; 0                                ; 0                            ; 0                           ; 0                            ; 0                      ; 1                      ; 1                  ;
; current_state.MOVING_R           ; 0                  ; 0                       ; 0                     ; 0                                ; 0                               ; 0                                ; 0                            ; 0                           ; 0                            ; 1                      ; 0                      ; 1                  ;
; current_state.ATTACK_STARTUP     ; 0                  ; 0                       ; 0                     ; 0                                ; 0                               ; 0                                ; 0                            ; 0                           ; 1                            ; 0                      ; 0                      ; 1                  ;
; current_state.ATTACK_ACTIVE      ; 0                  ; 0                       ; 0                     ; 0                                ; 0                               ; 0                                ; 0                            ; 1                           ; 0                            ; 0                      ; 0                      ; 1                  ;
; current_state.ATTACK_RECOVER     ; 0                  ; 0                       ; 0                     ; 0                                ; 0                               ; 0                                ; 1                            ; 0                           ; 0                            ; 0                      ; 0                      ; 1                  ;
; current_state.DIR_ATTACK_STARTUP ; 0                  ; 0                       ; 0                     ; 0                                ; 0                               ; 1                                ; 0                            ; 0                           ; 0                            ; 0                      ; 0                      ; 1                  ;
; current_state.DIR_ATTACK_ACTIVE  ; 0                  ; 0                       ; 0                     ; 0                                ; 1                               ; 0                                ; 0                            ; 0                           ; 0                            ; 0                      ; 0                      ; 1                  ;
; current_state.DIR_ATTACK_RECOVER ; 0                  ; 0                       ; 0                     ; 1                                ; 0                               ; 0                                ; 0                            ; 0                           ; 0                            ; 0                      ; 0                      ; 1                  ;
; current_state.HITSTUN            ; 0                  ; 0                       ; 1                     ; 0                                ; 0                               ; 0                                ; 0                            ; 0                           ; 0                            ; 0                      ; 0                      ; 1                  ;
; current_state.BLOCKSTUN          ; 0                  ; 1                       ; 0                     ; 0                                ; 0                               ; 0                                ; 0                            ; 0                           ; 0                            ; 0                      ; 0                      ; 1                  ;
; current_state.LOSE               ; 1                  ; 0                       ; 0                     ; 0                                ; 0                               ; 0                                ; 0                            ; 0                           ; 0                            ; 0                      ; 0                      ; 1                  ;
+----------------------------------+--------------------+-------------------------+-----------------------+----------------------------------+---------------------------------+----------------------------------+------------------------------+-----------------------------+------------------------------+------------------------+------------------------+--------------------+


Encoding Type:  One-Hot
+---------------------------------------------------------------------------------------------------------------------------------------------------------+
; State Machine - |game|bot_fsm:ken_bot|bot_action                                                                                                        ;
+---------------------------+-----------------------+-------------------------+-------------------------+---------------------+---------------------------+
; Name                      ; bot_action.BOT_ATTACK ; bot_action.BOT_MOVING_R ; bot_action.BOT_MOVING_L ; bot_action.BOT_IDLE ; bot_action.BOT_MOVE_L_ATK ;
+---------------------------+-----------------------+-------------------------+-------------------------+---------------------+---------------------------+
; bot_action.BOT_IDLE       ; 0                     ; 0                       ; 0                       ; 0                   ; 0                         ;
; bot_action.BOT_MOVING_L   ; 0                     ; 0                       ; 1                       ; 1                   ; 0                         ;
; bot_action.BOT_MOVING_R   ; 0                     ; 1                       ; 0                       ; 1                   ; 0                         ;
; bot_action.BOT_ATTACK     ; 1                     ; 0                       ; 0                       ; 1                   ; 0                         ;
; bot_action.BOT_MOVE_L_ATK ; 0                     ; 0                       ; 0                       ; 1                   ; 1                         ;
+---------------------------+-----------------------+-------------------------+-------------------------+---------------------+---------------------------+


Encoding Type:  One-Hot
+------------------------------------------------------------------------------------------------------------------------------------------------------------------------------------------------------------------------------------------------------------------------------------------------------------------------------------------------------------------------------------+
; State Machine - |game|player_fsm:fsm|current_state                                                                                                                                                                                                                                                                                                                                 ;
+----------------------------------+--------------------+-------------------------+-----------------------+----------------------------------+---------------------------------+----------------------------------+------------------------------+-----------------------------+------------------------------+------------------------+------------------------+--------------------+
; Name                             ; current_state.LOSE ; current_state.BLOCKSTUN ; current_state.HITSTUN ; current_state.DIR_ATTACK_RECOVER ; current_state.DIR_ATTACK_ACTIVE ; current_state.DIR_ATTACK_STARTUP ; current_state.ATTACK_RECOVER ; current_state.ATTACK_ACTIVE ; current_state.ATTACK_STARTUP ; current_state.MOVING_R ; current_state.MOVING_L ; current_state.IDLE ;
+----------------------------------+--------------------+-------------------------+-----------------------+----------------------------------+---------------------------------+----------------------------------+------------------------------+-----------------------------+------------------------------+------------------------+------------------------+--------------------+
; current_state.IDLE               ; 0                  ; 0                       ; 0                     ; 0                                ; 0                               ; 0                                ; 0                            ; 0                           ; 0                            ; 0                      ; 0                      ; 0                  ;
; current_state.MOVING_L           ; 0                  ; 0                       ; 0                     ; 0                                ; 0                               ; 0                                ; 0                            ; 0                           ; 0                            ; 0                      ; 1                      ; 1                  ;
; current_state.MOVING_R           ; 0                  ; 0                       ; 0                     ; 0                                ; 0                               ; 0                                ; 0                            ; 0                           ; 0                            ; 1                      ; 0                      ; 1                  ;
; current_state.ATTACK_STARTUP     ; 0                  ; 0                       ; 0                     ; 0                                ; 0                               ; 0                                ; 0                            ; 0                           ; 1                            ; 0                      ; 0                      ; 1                  ;
; current_state.ATTACK_ACTIVE      ; 0                  ; 0                       ; 0                     ; 0                                ; 0                               ; 0                                ; 0                            ; 1                           ; 0                            ; 0                      ; 0                      ; 1                  ;
; current_state.ATTACK_RECOVER     ; 0                  ; 0                       ; 0                     ; 0                                ; 0                               ; 0                                ; 1                            ; 0                           ; 0                            ; 0                      ; 0                      ; 1                  ;
; current_state.DIR_ATTACK_STARTUP ; 0                  ; 0                       ; 0                     ; 0                                ; 0                               ; 1                                ; 0                            ; 0                           ; 0                            ; 0                      ; 0                      ; 1                  ;
; current_state.DIR_ATTACK_ACTIVE  ; 0                  ; 0                       ; 0                     ; 0                                ; 1                               ; 0                                ; 0                            ; 0                           ; 0                            ; 0                      ; 0                      ; 1                  ;
; current_state.DIR_ATTACK_RECOVER ; 0                  ; 0                       ; 0                     ; 1                                ; 0                               ; 0                                ; 0                            ; 0                           ; 0                            ; 0                      ; 0                      ; 1                  ;
; current_state.HITSTUN            ; 0                  ; 0                       ; 1                     ; 0                                ; 0                               ; 0                                ; 0                            ; 0                           ; 0                            ; 0                      ; 0                      ; 1                  ;
; current_state.BLOCKSTUN          ; 0                  ; 1                       ; 0                     ; 0                                ; 0                               ; 0                                ; 0                            ; 0                           ; 0                            ; 0                      ; 0                      ; 1                  ;
; current_state.LOSE               ; 1                  ; 0                       ; 0                     ; 0                                ; 0                               ; 0                                ; 0                            ; 0                           ; 0                            ; 0                      ; 0                      ; 1                  ;
+----------------------------------+--------------------+-------------------------+-----------------------+----------------------------------+---------------------------------+----------------------------------+------------------------------+-----------------------------+------------------------------+------------------------+------------------------+--------------------+


Encoding Type:  One-Hot
+------------------------------------------------------------------------------------------------------------------------+
; State Machine - |game|vga_driver:vga|v_state                                                                           ;
+------------------------+----------------------+-----------------------+-----------------------+------------------------+
; Name                   ; v_state.V_BACK_STATE ; v_state.V_PULSE_STATE ; v_state.V_FRONT_STATE ; v_state.V_ACTIVE_STATE ;
+------------------------+----------------------+-----------------------+-----------------------+------------------------+
; v_state.V_ACTIVE_STATE ; 0                    ; 0                     ; 0                     ; 0                      ;
; v_state.V_FRONT_STATE  ; 0                    ; 0                     ; 1                     ; 1                      ;
; v_state.V_PULSE_STATE  ; 0                    ; 1                     ; 0                     ; 1                      ;
; v_state.V_BACK_STATE   ; 1                    ; 0                     ; 0                     ; 1                      ;
+------------------------+----------------------+-----------------------+-----------------------+------------------------+


Encoding Type:  One-Hot
+------------------------------------------------------------------------------------------------------------------------+
; State Machine - |game|vga_driver:vga|h_state                                                                           ;
+------------------------+----------------------+-----------------------+-----------------------+------------------------+
; Name                   ; h_state.H_BACK_STATE ; h_state.H_PULSE_STATE ; h_state.H_FRONT_STATE ; h_state.H_ACTIVE_STATE ;
+------------------------+----------------------+-----------------------+-----------------------+------------------------+
; h_state.H_ACTIVE_STATE ; 0                    ; 0                     ; 0                     ; 0                      ;
; h_state.H_FRONT_STATE  ; 0                    ; 0                     ; 1                     ; 1                      ;
; h_state.H_PULSE_STATE  ; 0                    ; 1                     ; 0                     ; 1                      ;
; h_state.H_BACK_STATE   ; 1                    ; 0                     ; 0                     ; 1                      ;
+------------------------+----------------------+-----------------------+-----------------------+------------------------+


+----------------------------------------------------------------------------------------------------------+
; Registers Removed During Synthesis                                                                       ;
+----------------------------------------------+-----------------------------------------------------------+
; Register name                                ; Reason for Removal                                        ;
+----------------------------------------------+-----------------------------------------------------------+
; vga_driver:vga|red_reg[0]                    ; Stuck at GND due to stuck port data_in                    ;
; vga_driver:vga|green_reg[0..4]               ; Stuck at GND due to stuck port data_in                    ;
; vga_driver:vga|blue_reg[0..5]                ; Stuck at GND due to stuck port data_in                    ;
; vga_driver:vga|red_reg[1..4]                 ; Stuck at GND due to stuck port data_in                    ;
; character_render:ken_blockstun|rom_addr[0]   ; Merged with character_render:ken_attack_inst|rom_addr[0]  ;
; character_render:ken_dir_attack|rom_addr[0]  ; Merged with character_render:ken_attack_inst|rom_addr[0]  ;
; character_render:ken_hitstun|rom_addr[0]     ; Merged with character_render:ken_attack_inst|rom_addr[0]  ;
; character_render:ken_idle|rom_addr[0]        ; Merged with character_render:ken_attack_inst|rom_addr[0]  ;
; character_render:ken_lose|rom_addr[0]        ; Merged with character_render:ken_attack_inst|rom_addr[0]  ;
; character_render:ken_blockstun|rom_addr[1]   ; Merged with character_render:ken_attack_inst|rom_addr[1]  ;
; character_render:ken_dir_attack|rom_addr[1]  ; Merged with character_render:ken_attack_inst|rom_addr[1]  ;
; character_render:ken_hitstun|rom_addr[1]     ; Merged with character_render:ken_attack_inst|rom_addr[1]  ;
; character_render:ken_idle|rom_addr[1]        ; Merged with character_render:ken_attack_inst|rom_addr[1]  ;
; character_render:ken_lose|rom_addr[1]        ; Merged with character_render:ken_attack_inst|rom_addr[1]  ;
; character_render:ken_blockstun|rom_addr[2]   ; Merged with character_render:ken_attack_inst|rom_addr[2]  ;
; character_render:ken_dir_attack|rom_addr[2]  ; Merged with character_render:ken_attack_inst|rom_addr[2]  ;
; character_render:ken_hitstun|rom_addr[2]     ; Merged with character_render:ken_attack_inst|rom_addr[2]  ;
; character_render:ken_idle|rom_addr[2]        ; Merged with character_render:ken_attack_inst|rom_addr[2]  ;
; character_render:ken_lose|rom_addr[2]        ; Merged with character_render:ken_attack_inst|rom_addr[2]  ;
; character_render:ken_blockstun|rom_addr[3]   ; Merged with character_render:ken_attack_inst|rom_addr[3]  ;
; character_render:ken_dir_attack|rom_addr[3]  ; Merged with character_render:ken_attack_inst|rom_addr[3]  ;
; character_render:ken_hitstun|rom_addr[3]     ; Merged with character_render:ken_attack_inst|rom_addr[3]  ;
; character_render:ken_idle|rom_addr[3]        ; Merged with character_render:ken_attack_inst|rom_addr[3]  ;
; character_render:ken_lose|rom_addr[3]        ; Merged with character_render:ken_attack_inst|rom_addr[3]  ;
; character_render:ken_blockstun|rom_addr[4]   ; Merged with character_render:ken_attack_inst|rom_addr[4]  ;
; character_render:ken_dir_attack|rom_addr[4]  ; Merged with character_render:ken_attack_inst|rom_addr[4]  ;
; character_render:ken_hitstun|rom_addr[4]     ; Merged with character_render:ken_attack_inst|rom_addr[4]  ;
; character_render:ken_idle|rom_addr[4]        ; Merged with character_render:ken_attack_inst|rom_addr[4]  ;
; character_render:ken_lose|rom_addr[4]        ; Merged with character_render:ken_attack_inst|rom_addr[4]  ;
; character_render:ken_blockstun|rom_addr[5]   ; Merged with character_render:ken_attack_inst|rom_addr[5]  ;
; character_render:ken_dir_attack|rom_addr[5]  ; Merged with character_render:ken_attack_inst|rom_addr[5]  ;
; character_render:ken_hitstun|rom_addr[5]     ; Merged with character_render:ken_attack_inst|rom_addr[5]  ;
; character_render:ken_idle|rom_addr[5]        ; Merged with character_render:ken_attack_inst|rom_addr[5]  ;
; character_render:ken_lose|rom_addr[5]        ; Merged with character_render:ken_attack_inst|rom_addr[5]  ;
; character_render:ken_blockstun|rom_addr[6]   ; Merged with character_render:ken_attack_inst|rom_addr[6]  ;
; character_render:ken_dir_attack|rom_addr[6]  ; Merged with character_render:ken_attack_inst|rom_addr[6]  ;
; character_render:ken_hitstun|rom_addr[6]     ; Merged with character_render:ken_attack_inst|rom_addr[6]  ;
; character_render:ken_idle|rom_addr[6]        ; Merged with character_render:ken_attack_inst|rom_addr[6]  ;
; character_render:ken_lose|rom_addr[6]        ; Merged with character_render:ken_attack_inst|rom_addr[6]  ;
; character_render:ken_blockstun|rom_addr[7]   ; Merged with character_render:ken_attack_inst|rom_addr[7]  ;
; character_render:ken_dir_attack|rom_addr[7]  ; Merged with character_render:ken_attack_inst|rom_addr[7]  ;
; character_render:ken_hitstun|rom_addr[7]     ; Merged with character_render:ken_attack_inst|rom_addr[7]  ;
; character_render:ken_idle|rom_addr[7]        ; Merged with character_render:ken_attack_inst|rom_addr[7]  ;
; character_render:ken_lose|rom_addr[7]        ; Merged with character_render:ken_attack_inst|rom_addr[7]  ;
; character_render:ken_blockstun|rom_addr[8]   ; Merged with character_render:ken_attack_inst|rom_addr[8]  ;
; character_render:ken_dir_attack|rom_addr[8]  ; Merged with character_render:ken_attack_inst|rom_addr[8]  ;
; character_render:ken_hitstun|rom_addr[8]     ; Merged with character_render:ken_attack_inst|rom_addr[8]  ;
; character_render:ken_idle|rom_addr[8]        ; Merged with character_render:ken_attack_inst|rom_addr[8]  ;
; character_render:ken_lose|rom_addr[8]        ; Merged with character_render:ken_attack_inst|rom_addr[8]  ;
; character_render:ken_blockstun|rom_addr[9]   ; Merged with character_render:ken_attack_inst|rom_addr[9]  ;
; character_render:ken_dir_attack|rom_addr[9]  ; Merged with character_render:ken_attack_inst|rom_addr[9]  ;
; character_render:ken_hitstun|rom_addr[9]     ; Merged with character_render:ken_attack_inst|rom_addr[9]  ;
; character_render:ken_idle|rom_addr[9]        ; Merged with character_render:ken_attack_inst|rom_addr[9]  ;
; character_render:ken_lose|rom_addr[9]        ; Merged with character_render:ken_attack_inst|rom_addr[9]  ;
; character_render:ken_blockstun|rom_addr[10]  ; Merged with character_render:ken_attack_inst|rom_addr[10] ;
; character_render:ken_dir_attack|rom_addr[10] ; Merged with character_render:ken_attack_inst|rom_addr[10] ;
; character_render:ken_hitstun|rom_addr[10]    ; Merged with character_render:ken_attack_inst|rom_addr[10] ;
; character_render:ken_idle|rom_addr[10]       ; Merged with character_render:ken_attack_inst|rom_addr[10] ;
; character_render:ken_lose|rom_addr[10]       ; Merged with character_render:ken_attack_inst|rom_addr[10] ;
; character_render:ken_blockstun|rom_addr[11]  ; Merged with character_render:ken_attack_inst|rom_addr[11] ;
; character_render:ken_dir_attack|rom_addr[11] ; Merged with character_render:ken_attack_inst|rom_addr[11] ;
; character_render:ken_hitstun|rom_addr[11]    ; Merged with character_render:ken_attack_inst|rom_addr[11] ;
; character_render:ken_idle|rom_addr[11]       ; Merged with character_render:ken_attack_inst|rom_addr[11] ;
; character_render:ken_lose|rom_addr[11]       ; Merged with character_render:ken_attack_inst|rom_addr[11] ;
; character_render:ryu_blockstun|rom_addr[0]   ; Merged with character_render:ryu_attack|rom_addr[0]       ;
; character_render:ryu_dir_attack|rom_addr[0]  ; Merged with character_render:ryu_attack|rom_addr[0]       ;
; character_render:ryu_hitstun|rom_addr[0]     ; Merged with character_render:ryu_attack|rom_addr[0]       ;
; character_render:ryu_idle|rom_addr[0]        ; Merged with character_render:ryu_attack|rom_addr[0]       ;
; character_render:ryu_lose|rom_addr[0]        ; Merged with character_render:ryu_attack|rom_addr[0]       ;
; character_render:ryu_blockstun|rom_addr[1]   ; Merged with character_render:ryu_attack|rom_addr[1]       ;
; character_render:ryu_dir_attack|rom_addr[1]  ; Merged with character_render:ryu_attack|rom_addr[1]       ;
; character_render:ryu_hitstun|rom_addr[1]     ; Merged with character_render:ryu_attack|rom_addr[1]       ;
; character_render:ryu_idle|rom_addr[1]        ; Merged with character_render:ryu_attack|rom_addr[1]       ;
; character_render:ryu_lose|rom_addr[1]        ; Merged with character_render:ryu_attack|rom_addr[1]       ;
; character_render:ryu_blockstun|rom_addr[2]   ; Merged with character_render:ryu_attack|rom_addr[2]       ;
; character_render:ryu_dir_attack|rom_addr[2]  ; Merged with character_render:ryu_attack|rom_addr[2]       ;
; character_render:ryu_hitstun|rom_addr[2]     ; Merged with character_render:ryu_attack|rom_addr[2]       ;
; character_render:ryu_idle|rom_addr[2]        ; Merged with character_render:ryu_attack|rom_addr[2]       ;
; character_render:ryu_lose|rom_addr[2]        ; Merged with character_render:ryu_attack|rom_addr[2]       ;
; character_render:ryu_blockstun|rom_addr[3]   ; Merged with character_render:ryu_attack|rom_addr[3]       ;
; character_render:ryu_dir_attack|rom_addr[3]  ; Merged with character_render:ryu_attack|rom_addr[3]       ;
; character_render:ryu_hitstun|rom_addr[3]     ; Merged with character_render:ryu_attack|rom_addr[3]       ;
; character_render:ryu_idle|rom_addr[3]        ; Merged with character_render:ryu_attack|rom_addr[3]       ;
; character_render:ryu_lose|rom_addr[3]        ; Merged with character_render:ryu_attack|rom_addr[3]       ;
; character_render:ryu_blockstun|rom_addr[4]   ; Merged with character_render:ryu_attack|rom_addr[4]       ;
; character_render:ryu_dir_attack|rom_addr[4]  ; Merged with character_render:ryu_attack|rom_addr[4]       ;
; character_render:ryu_hitstun|rom_addr[4]     ; Merged with character_render:ryu_attack|rom_addr[4]       ;
; character_render:ryu_idle|rom_addr[4]        ; Merged with character_render:ryu_attack|rom_addr[4]       ;
; character_render:ryu_lose|rom_addr[4]        ; Merged with character_render:ryu_attack|rom_addr[4]       ;
; character_render:ryu_blockstun|rom_addr[5]   ; Merged with character_render:ryu_attack|rom_addr[5]       ;
; character_render:ryu_dir_attack|rom_addr[5]  ; Merged with character_render:ryu_attack|rom_addr[5]       ;
; character_render:ryu_hitstun|rom_addr[5]     ; Merged with character_render:ryu_attack|rom_addr[5]       ;
; character_render:ryu_idle|rom_addr[5]        ; Merged with character_render:ryu_attack|rom_addr[5]       ;
; character_render:ryu_lose|rom_addr[5]        ; Merged with character_render:ryu_attack|rom_addr[5]       ;
; character_render:ryu_blockstun|rom_addr[6]   ; Merged with character_render:ryu_attack|rom_addr[6]       ;
; character_render:ryu_dir_attack|rom_addr[6]  ; Merged with character_render:ryu_attack|rom_addr[6]       ;
; character_render:ryu_hitstun|rom_addr[6]     ; Merged with character_render:ryu_attack|rom_addr[6]       ;
; character_render:ryu_idle|rom_addr[6]        ; Merged with character_render:ryu_attack|rom_addr[6]       ;
; character_render:ryu_lose|rom_addr[6]        ; Merged with character_render:ryu_attack|rom_addr[6]       ;
; character_render:ryu_blockstun|rom_addr[7]   ; Merged with character_render:ryu_attack|rom_addr[7]       ;
; character_render:ryu_dir_attack|rom_addr[7]  ; Merged with character_render:ryu_attack|rom_addr[7]       ;
; character_render:ryu_hitstun|rom_addr[7]     ; Merged with character_render:ryu_attack|rom_addr[7]       ;
; character_render:ryu_idle|rom_addr[7]        ; Merged with character_render:ryu_attack|rom_addr[7]       ;
; character_render:ryu_lose|rom_addr[7]        ; Merged with character_render:ryu_attack|rom_addr[7]       ;
; character_render:ryu_blockstun|rom_addr[8]   ; Merged with character_render:ryu_attack|rom_addr[8]       ;
; character_render:ryu_dir_attack|rom_addr[8]  ; Merged with character_render:ryu_attack|rom_addr[8]       ;
; character_render:ryu_hitstun|rom_addr[8]     ; Merged with character_render:ryu_attack|rom_addr[8]       ;
; character_render:ryu_idle|rom_addr[8]        ; Merged with character_render:ryu_attack|rom_addr[8]       ;
; character_render:ryu_lose|rom_addr[8]        ; Merged with character_render:ryu_attack|rom_addr[8]       ;
; character_render:ryu_blockstun|rom_addr[9]   ; Merged with character_render:ryu_attack|rom_addr[9]       ;
; character_render:ryu_dir_attack|rom_addr[9]  ; Merged with character_render:ryu_attack|rom_addr[9]       ;
; character_render:ryu_hitstun|rom_addr[9]     ; Merged with character_render:ryu_attack|rom_addr[9]       ;
; character_render:ryu_idle|rom_addr[9]        ; Merged with character_render:ryu_attack|rom_addr[9]       ;
; character_render:ryu_lose|rom_addr[9]        ; Merged with character_render:ryu_attack|rom_addr[9]       ;
; character_render:ryu_blockstun|rom_addr[10]  ; Merged with character_render:ryu_attack|rom_addr[10]      ;
; character_render:ryu_dir_attack|rom_addr[10] ; Merged with character_render:ryu_attack|rom_addr[10]      ;
; character_render:ryu_hitstun|rom_addr[10]    ; Merged with character_render:ryu_attack|rom_addr[10]      ;
; character_render:ryu_idle|rom_addr[10]       ; Merged with character_render:ryu_attack|rom_addr[10]      ;
; character_render:ryu_lose|rom_addr[10]       ; Merged with character_render:ryu_attack|rom_addr[10]      ;
; character_render:ryu_blockstun|rom_addr[11]  ; Merged with character_render:ryu_attack|rom_addr[11]      ;
; character_render:ryu_dir_attack|rom_addr[11] ; Merged with character_render:ryu_attack|rom_addr[11]      ;
; character_render:ryu_hitstun|rom_addr[11]    ; Merged with character_render:ryu_attack|rom_addr[11]      ;
; character_render:ryu_idle|rom_addr[11]       ; Merged with character_render:ryu_attack|rom_addr[11]      ;
; character_render:ryu_lose|rom_addr[11]       ; Merged with character_render:ryu_attack|rom_addr[11]      ;
; player2_fsm:ken_fsm|current_state~4          ; Lost fanout                                               ;
; player2_fsm:ken_fsm|current_state~5          ; Lost fanout                                               ;
; player2_fsm:ken_fsm|current_state~6          ; Lost fanout                                               ;
; player2_fsm:ken_fsm|current_state~7          ; Lost fanout                                               ;
; bot_fsm:ken_bot|current_state~4              ; Lost fanout                                               ;
; bot_fsm:ken_bot|current_state~5              ; Lost fanout                                               ;
; bot_fsm:ken_bot|current_state~6              ; Lost fanout                                               ;
; bot_fsm:ken_bot|current_state~7              ; Lost fanout                                               ;
; bot_fsm:ken_bot|bot_action~9                 ; Lost fanout                                               ;
; bot_fsm:ken_bot|bot_action~10                ; Lost fanout                                               ;
; player_fsm:fsm|current_state~4               ; Lost fanout                                               ;
; player_fsm:fsm|current_state~5               ; Lost fanout                                               ;
; player_fsm:fsm|current_state~6               ; Lost fanout                                               ;
; player_fsm:fsm|current_state~7               ; Lost fanout                                               ;
; vga_driver:vga|v_state~5                     ; Lost fanout                                               ;
; vga_driver:vga|v_state~6                     ; Lost fanout                                               ;
; vga_driver:vga|v_state~7                     ; Lost fanout                                               ;
; vga_driver:vga|v_state~8                     ; Lost fanout                                               ;
; vga_driver:vga|v_state~9                     ; Lost fanout                                               ;
; vga_driver:vga|v_state~10                    ; Lost fanout                                               ;
; vga_driver:vga|v_state~11                    ; Lost fanout                                               ;
; vga_driver:vga|v_state~12                    ; Lost fanout                                               ;
; vga_driver:vga|h_state~5                     ; Lost fanout                                               ;
; vga_driver:vga|h_state~6                     ; Lost fanout                                               ;
; vga_driver:vga|h_state~7                     ; Lost fanout                                               ;
; vga_driver:vga|h_state~8                     ; Lost fanout                                               ;
; vga_driver:vga|h_state~9                     ; Lost fanout                                               ;
; vga_driver:vga|h_state~10                    ; Lost fanout                                               ;
; vga_driver:vga|h_state~11                    ; Lost fanout                                               ;
; vga_driver:vga|h_state~12                    ; Lost fanout                                               ;
; counter_display:counter_disp|digit_0~0       ; Stuck at GND due to stuck port clock                      ;
; counter_display:counter_disp|digit_0~1       ; Stuck at GND due to stuck port clock                      ;
; counter_display:counter_disp|digit_0~2       ; Stuck at GND due to stuck port clock                      ;
; counter_display:counter_disp|digit_0~3       ; Stuck at GND due to stuck port clock                      ;
; counter_display:counter_disp|digit_0~4       ; Stuck at GND due to stuck port clock                      ;
; counter_display:counter_disp|digit_0~5       ; Stuck at GND due to stuck port clock                      ;
; counter_display:counter_disp|digit_0~6       ; Stuck at GND due to stuck port clock                      ;
; counter_display:counter_disp|digit_0~7       ; Stuck at GND due to stuck port clock                      ;
; counter_display:counter_disp|digit_0~8       ; Stuck at GND due to stuck port clock                      ;
; counter_display:counter_disp|digit_0~9       ; Stuck at GND due to stuck port clock                      ;
; counter_display:counter_disp|digit_0~10      ; Stuck at GND due to stuck port clock                      ;
; counter_display:counter_disp|digit_0~11      ; Stuck at GND due to stuck port clock                      ;
; counter_display:counter_disp|digit_0~12      ; Stuck at GND due to stuck port clock                      ;
; counter_display:counter_disp|digit_0~13      ; Stuck at GND due to stuck port clock                      ;
; counter_display:counter_disp|digit_0~14      ; Stuck at GND due to stuck port clock                      ;
; counter_display:counter_disp|digit_0~15      ; Stuck at GND due to stuck port clock                      ;
; counter_display:counter_disp|digit_0~16      ; Stuck at GND due to stuck port clock                      ;
; counter_display:counter_disp|digit_0~17      ; Stuck at GND due to stuck port clock                      ;
; counter_display:counter_disp|digit_0~18      ; Stuck at GND due to stuck port clock                      ;
; counter_display:counter_disp|digit_0~19      ; Stuck at GND due to stuck port clock                      ;
; counter_display:counter_disp|digit_0~20      ; Stuck at GND due to stuck port clock                      ;
; counter_display:counter_disp|digit_0~21      ; Stuck at GND due to stuck port clock                      ;
; counter_display:counter_disp|digit_0~22      ; Stuck at GND due to stuck port clock                      ;
; counter_display:counter_disp|digit_0~23      ; Stuck at GND due to stuck port clock                      ;
; counter_display:counter_disp|digit_0~24      ; Stuck at GND due to stuck port clock                      ;
; counter_display:counter_disp|digit_0~25      ; Stuck at GND due to stuck port clock                      ;
; counter_display:counter_disp|digit_0~26      ; Stuck at GND due to stuck port clock                      ;
; counter_display:counter_disp|digit_0~27      ; Stuck at GND due to stuck port clock                      ;
; counter_display:counter_disp|digit_0~28      ; Stuck at GND due to stuck port clock                      ;
; counter_display:counter_disp|digit_0~29      ; Stuck at GND due to stuck port clock                      ;
; counter_display:counter_disp|digit_0~30      ; Stuck at GND due to stuck port clock                      ;
; counter_display:counter_disp|digit_0~31      ; Stuck at GND due to stuck port clock                      ;
; counter_display:counter_disp|digit_0~32      ; Stuck at GND due to stuck port clock                      ;
; counter_display:counter_disp|digit_0~33      ; Stuck at GND due to stuck port clock                      ;
; counter_display:counter_disp|digit_0~34      ; Stuck at GND due to stuck port clock                      ;
; counter_display:counter_disp|digit_0~35      ; Stuck at GND due to stuck port clock                      ;
; counter_display:counter_disp|digit_0~36      ; Stuck at GND due to stuck port clock                      ;
; counter_display:counter_disp|digit_0~37      ; Stuck at GND due to stuck port clock                      ;
; counter_display:counter_disp|digit_0~38      ; Stuck at GND due to stuck port clock                      ;
; counter_display:counter_disp|digit_0~39      ; Stuck at GND due to stuck port clock                      ;
; counter_display:counter_disp|digit_0~40      ; Stuck at GND due to stuck port clock                      ;
; counter_display:counter_disp|digit_0~41      ; Stuck at GND due to stuck port clock                      ;
; counter_display:counter_disp|digit_0~42      ; Stuck at GND due to stuck port clock                      ;
; counter_display:counter_disp|digit_0~43      ; Stuck at GND due to stuck port clock                      ;
; counter_display:counter_disp|digit_0~44      ; Stuck at GND due to stuck port clock                      ;
; counter_display:counter_disp|digit_0~45      ; Stuck at GND due to stuck port clock                      ;
; counter_display:counter_disp|digit_0~46      ; Stuck at GND due to stuck port clock                      ;
; counter_display:counter_disp|digit_0~47      ; Stuck at GND due to stuck port clock                      ;
; counter_display:counter_disp|digit_0~48      ; Stuck at GND due to stuck port clock                      ;
; counter_display:counter_disp|digit_0~49      ; Stuck at GND due to stuck port clock                      ;
; counter_display:counter_disp|digit_0~50      ; Stuck at GND due to stuck port clock                      ;
; counter_display:counter_disp|digit_0~51      ; Stuck at GND due to stuck port clock                      ;
; counter_display:counter_disp|digit_0~52      ; Stuck at GND due to stuck port clock                      ;
; counter_display:counter_disp|digit_0~53      ; Stuck at GND due to stuck port clock                      ;
; counter_display:counter_disp|digit_0~54      ; Stuck at GND due to stuck port clock                      ;
; counter_display:counter_disp|digit_0~55      ; Stuck at GND due to stuck port clock                      ;
; counter_display:counter_disp|digit_0~56      ; Stuck at GND due to stuck port clock                      ;
; counter_display:counter_disp|digit_0~57      ; Stuck at GND due to stuck port clock                      ;
; counter_display:counter_disp|digit_0~58      ; Stuck at GND due to stuck port clock                      ;
; counter_display:counter_disp|digit_0~59      ; Stuck at GND due to stuck port clock                      ;
; counter_display:counter_disp|digit_0~60      ; Stuck at GND due to stuck port clock                      ;
; counter_display:counter_disp|digit_0~61      ; Stuck at GND due to stuck port clock                      ;
; counter_display:counter_disp|digit_0~62      ; Stuck at GND due to stuck port clock                      ;
; counter_display:counter_disp|digit_0~63      ; Stuck at GND due to stuck port clock                      ;
; counter_display:counter_disp|digit_1~0       ; Stuck at GND due to stuck port clock                      ;
; counter_display:counter_disp|digit_1~1       ; Stuck at GND due to stuck port clock                      ;
; counter_display:counter_disp|digit_1~2       ; Stuck at GND due to stuck port clock                      ;
; counter_display:counter_disp|digit_1~3       ; Stuck at GND due to stuck port clock                      ;
; counter_display:counter_disp|digit_1~4       ; Stuck at GND due to stuck port clock                      ;
; counter_display:counter_disp|digit_1~5       ; Stuck at GND due to stuck port clock                      ;
; counter_display:counter_disp|digit_1~6       ; Stuck at GND due to stuck port clock                      ;
; counter_display:counter_disp|digit_1~7       ; Stuck at GND due to stuck port clock                      ;
; counter_display:counter_disp|digit_1~8       ; Stuck at GND due to stuck port clock                      ;
; counter_display:counter_disp|digit_1~9       ; Stuck at GND due to stuck port clock                      ;
; counter_display:counter_disp|digit_1~10      ; Stuck at GND due to stuck port clock                      ;
; counter_display:counter_disp|digit_1~11      ; Stuck at GND due to stuck port clock                      ;
; counter_display:counter_disp|digit_1~12      ; Stuck at GND due to stuck port clock                      ;
; counter_display:counter_disp|digit_1~13      ; Stuck at GND due to stuck port clock                      ;
; counter_display:counter_disp|digit_1~14      ; Stuck at GND due to stuck port clock                      ;
; counter_display:counter_disp|digit_1~15      ; Stuck at GND due to stuck port clock                      ;
; counter_display:counter_disp|digit_1~16      ; Stuck at GND due to stuck port clock                      ;
; counter_display:counter_disp|digit_1~17      ; Stuck at GND due to stuck port clock                      ;
; counter_display:counter_disp|digit_1~18      ; Stuck at GND due to stuck port clock                      ;
; counter_display:counter_disp|digit_1~19      ; Stuck at GND due to stuck port clock                      ;
; counter_display:counter_disp|digit_1~20      ; Stuck at GND due to stuck port clock                      ;
; counter_display:counter_disp|digit_1~21      ; Stuck at GND due to stuck port clock                      ;
; counter_display:counter_disp|digit_1~22      ; Stuck at GND due to stuck port clock                      ;
; counter_display:counter_disp|digit_1~23      ; Stuck at GND due to stuck port clock                      ;
; counter_display:counter_disp|digit_1~24      ; Stuck at GND due to stuck port clock                      ;
; counter_display:counter_disp|digit_1~25      ; Stuck at GND due to stuck port clock                      ;
; counter_display:counter_disp|digit_1~26      ; Stuck at GND due to stuck port clock                      ;
; counter_display:counter_disp|digit_1~27      ; Stuck at GND due to stuck port clock                      ;
; counter_display:counter_disp|digit_1~28      ; Stuck at GND due to stuck port clock                      ;
; counter_display:counter_disp|digit_1~29      ; Stuck at GND due to stuck port clock                      ;
; counter_display:counter_disp|digit_1~30      ; Stuck at GND due to stuck port clock                      ;
; counter_display:counter_disp|digit_1~31      ; Stuck at GND due to stuck port clock                      ;
; counter_display:counter_disp|digit_1~32      ; Stuck at GND due to stuck port clock                      ;
; counter_display:counter_disp|digit_1~33      ; Stuck at GND due to stuck port clock                      ;
; counter_display:counter_disp|digit_1~34      ; Stuck at GND due to stuck port clock                      ;
; counter_display:counter_disp|digit_1~35      ; Stuck at GND due to stuck port clock                      ;
; counter_display:counter_disp|digit_1~36      ; Stuck at GND due to stuck port clock                      ;
; counter_display:counter_disp|digit_1~37      ; Stuck at GND due to stuck port clock                      ;
; counter_display:counter_disp|digit_1~38      ; Stuck at GND due to stuck port clock                      ;
; counter_display:counter_disp|digit_1~39      ; Stuck at GND due to stuck port clock                      ;
; counter_display:counter_disp|digit_1~40      ; Stuck at GND due to stuck port clock                      ;
; counter_display:counter_disp|digit_1~41      ; Stuck at GND due to stuck port clock                      ;
; counter_display:counter_disp|digit_1~42      ; Stuck at GND due to stuck port clock                      ;
; counter_display:counter_disp|digit_1~43      ; Stuck at GND due to stuck port clock                      ;
; counter_display:counter_disp|digit_1~44      ; Stuck at GND due to stuck port clock                      ;
; counter_display:counter_disp|digit_1~45      ; Stuck at GND due to stuck port clock                      ;
; counter_display:counter_disp|digit_1~46      ; Stuck at GND due to stuck port clock                      ;
; counter_display:counter_disp|digit_1~47      ; Stuck at GND due to stuck port clock                      ;
; counter_display:counter_disp|digit_1~48      ; Stuck at GND due to stuck port clock                      ;
; counter_display:counter_disp|digit_1~49      ; Stuck at GND due to stuck port clock                      ;
; counter_display:counter_disp|digit_1~50      ; Stuck at GND due to stuck port clock                      ;
; counter_display:counter_disp|digit_1~51      ; Stuck at GND due to stuck port clock                      ;
; counter_display:counter_disp|digit_1~52      ; Stuck at GND due to stuck port clock                      ;
; counter_display:counter_disp|digit_1~53      ; Stuck at GND due to stuck port clock                      ;
; counter_display:counter_disp|digit_1~54      ; Stuck at GND due to stuck port clock                      ;
; counter_display:counter_disp|digit_1~55      ; Stuck at GND due to stuck port clock                      ;
; counter_display:counter_disp|digit_1~56      ; Stuck at GND due to stuck port clock                      ;
; counter_display:counter_disp|digit_1~57      ; Stuck at GND due to stuck port clock                      ;
; counter_display:counter_disp|digit_1~58      ; Stuck at GND due to stuck port clock                      ;
; counter_display:counter_disp|digit_1~59      ; Stuck at GND due to stuck port clock                      ;
; counter_display:counter_disp|digit_1~60      ; Stuck at GND due to stuck port clock                      ;
; counter_display:counter_disp|digit_1~61      ; Stuck at GND due to stuck port clock                      ;
; counter_display:counter_disp|digit_1~62      ; Stuck at GND due to stuck port clock                      ;
; counter_display:counter_disp|digit_1~63      ; Stuck at GND due to stuck port clock                      ;
; counter_display:counter_disp|digit_2~0       ; Stuck at GND due to stuck port clock                      ;
; counter_display:counter_disp|digit_2~1       ; Stuck at GND due to stuck port clock                      ;
; counter_display:counter_disp|digit_2~2       ; Stuck at GND due to stuck port clock                      ;
; counter_display:counter_disp|digit_2~3       ; Stuck at GND due to stuck port clock                      ;
; counter_display:counter_disp|digit_2~4       ; Stuck at GND due to stuck port clock                      ;
; counter_display:counter_disp|digit_2~5       ; Stuck at GND due to stuck port clock                      ;
; counter_display:counter_disp|digit_2~6       ; Stuck at GND due to stuck port clock                      ;
; counter_display:counter_disp|digit_2~7       ; Stuck at GND due to stuck port clock                      ;
; counter_display:counter_disp|digit_2~8       ; Stuck at GND due to stuck port clock                      ;
; counter_display:counter_disp|digit_2~9       ; Stuck at GND due to stuck port clock                      ;
; counter_display:counter_disp|digit_2~10      ; Stuck at GND due to stuck port clock                      ;
; counter_display:counter_disp|digit_2~11      ; Stuck at GND due to stuck port clock                      ;
; counter_display:counter_disp|digit_2~12      ; Stuck at GND due to stuck port clock                      ;
; counter_display:counter_disp|digit_2~13      ; Stuck at GND due to stuck port clock                      ;
; counter_display:counter_disp|digit_2~14      ; Stuck at GND due to stuck port clock                      ;
; counter_display:counter_disp|digit_2~15      ; Stuck at GND due to stuck port clock                      ;
; counter_display:counter_disp|digit_2~16      ; Stuck at GND due to stuck port clock                      ;
; counter_display:counter_disp|digit_2~17      ; Stuck at GND due to stuck port clock                      ;
; counter_display:counter_disp|digit_2~18      ; Stuck at GND due to stuck port clock                      ;
; counter_display:counter_disp|digit_2~19      ; Stuck at GND due to stuck port clock                      ;
; counter_display:counter_disp|digit_2~20      ; Stuck at GND due to stuck port clock                      ;
; counter_display:counter_disp|digit_2~21      ; Stuck at GND due to stuck port clock                      ;
; counter_display:counter_disp|digit_2~22      ; Stuck at GND due to stuck port clock                      ;
; counter_display:counter_disp|digit_2~23      ; Stuck at GND due to stuck port clock                      ;
; counter_display:counter_disp|digit_2~24      ; Stuck at GND due to stuck port clock                      ;
; counter_display:counter_disp|digit_2~25      ; Stuck at GND due to stuck port clock                      ;
; counter_display:counter_disp|digit_2~26      ; Stuck at GND due to stuck port clock                      ;
; counter_display:counter_disp|digit_2~27      ; Stuck at GND due to stuck port clock                      ;
; counter_display:counter_disp|digit_2~28      ; Stuck at GND due to stuck port clock                      ;
; counter_display:counter_disp|digit_2~29      ; Stuck at GND due to stuck port clock                      ;
; counter_display:counter_disp|digit_2~30      ; Stuck at GND due to stuck port clock                      ;
; counter_display:counter_disp|digit_2~31      ; Stuck at GND due to stuck port clock                      ;
; counter_display:counter_disp|digit_2~32      ; Stuck at GND due to stuck port clock                      ;
; counter_display:counter_disp|digit_2~33      ; Stuck at GND due to stuck port clock                      ;
; counter_display:counter_disp|digit_2~34      ; Stuck at GND due to stuck port clock                      ;
; counter_display:counter_disp|digit_2~35      ; Stuck at GND due to stuck port clock                      ;
; counter_display:counter_disp|digit_2~36      ; Stuck at GND due to stuck port clock                      ;
; counter_display:counter_disp|digit_2~37      ; Stuck at GND due to stuck port clock                      ;
; counter_display:counter_disp|digit_2~38      ; Stuck at GND due to stuck port clock                      ;
; counter_display:counter_disp|digit_2~39      ; Stuck at GND due to stuck port clock                      ;
; counter_display:counter_disp|digit_2~40      ; Stuck at GND due to stuck port clock                      ;
; counter_display:counter_disp|digit_2~41      ; Stuck at GND due to stuck port clock                      ;
; counter_display:counter_disp|digit_2~42      ; Stuck at GND due to stuck port clock                      ;
; counter_display:counter_disp|digit_2~43      ; Stuck at GND due to stuck port clock                      ;
; counter_display:counter_disp|digit_2~44      ; Stuck at GND due to stuck port clock                      ;
; counter_display:counter_disp|digit_2~45      ; Stuck at GND due to stuck port clock                      ;
; counter_display:counter_disp|digit_2~46      ; Stuck at GND due to stuck port clock                      ;
; counter_display:counter_disp|digit_2~47      ; Stuck at GND due to stuck port clock                      ;
; counter_display:counter_disp|digit_2~48      ; Stuck at GND due to stuck port clock                      ;
; counter_display:counter_disp|digit_2~49      ; Stuck at GND due to stuck port clock                      ;
; counter_display:counter_disp|digit_2~50      ; Stuck at GND due to stuck port clock                      ;
; counter_display:counter_disp|digit_2~51      ; Stuck at GND due to stuck port clock                      ;
; counter_display:counter_disp|digit_2~52      ; Stuck at GND due to stuck port clock                      ;
; counter_display:counter_disp|digit_2~53      ; Stuck at GND due to stuck port clock                      ;
; counter_display:counter_disp|digit_2~54      ; Stuck at GND due to stuck port clock                      ;
; counter_display:counter_disp|digit_2~55      ; Stuck at GND due to stuck port clock                      ;
; counter_display:counter_disp|digit_2~56      ; Stuck at GND due to stuck port clock                      ;
; counter_display:counter_disp|digit_2~57      ; Stuck at GND due to stuck port clock                      ;
; counter_display:counter_disp|digit_2~58      ; Stuck at GND due to stuck port clock                      ;
; counter_display:counter_disp|digit_2~59      ; Stuck at GND due to stuck port clock                      ;
; counter_display:counter_disp|digit_2~60      ; Stuck at GND due to stuck port clock                      ;
; counter_display:counter_disp|digit_2~61      ; Stuck at GND due to stuck port clock                      ;
; counter_display:counter_disp|digit_2~62      ; Stuck at GND due to stuck port clock                      ;
; counter_display:counter_disp|digit_2~63      ; Stuck at GND due to stuck port clock                      ;
; counter_display:counter_disp|digit_3~0       ; Stuck at GND due to stuck port clock                      ;
; counter_display:counter_disp|digit_3~1       ; Stuck at GND due to stuck port clock                      ;
; counter_display:counter_disp|digit_3~2       ; Stuck at GND due to stuck port clock                      ;
; counter_display:counter_disp|digit_3~3       ; Stuck at GND due to stuck port clock                      ;
; counter_display:counter_disp|digit_3~4       ; Stuck at GND due to stuck port clock                      ;
; counter_display:counter_disp|digit_3~5       ; Stuck at GND due to stuck port clock                      ;
; counter_display:counter_disp|digit_3~6       ; Stuck at GND due to stuck port clock                      ;
; counter_display:counter_disp|digit_3~7       ; Stuck at GND due to stuck port clock                      ;
; counter_display:counter_disp|digit_3~8       ; Stuck at GND due to stuck port clock                      ;
; counter_display:counter_disp|digit_3~9       ; Stuck at GND due to stuck port clock                      ;
; counter_display:counter_disp|digit_3~10      ; Stuck at GND due to stuck port clock                      ;
; counter_display:counter_disp|digit_3~11      ; Stuck at GND due to stuck port clock                      ;
; counter_display:counter_disp|digit_3~12      ; Stuck at GND due to stuck port clock                      ;
; counter_display:counter_disp|digit_3~13      ; Stuck at GND due to stuck port clock                      ;
; counter_display:counter_disp|digit_3~14      ; Stuck at GND due to stuck port clock                      ;
; counter_display:counter_disp|digit_3~15      ; Stuck at GND due to stuck port clock                      ;
; counter_display:counter_disp|digit_3~16      ; Stuck at GND due to stuck port clock                      ;
; counter_display:counter_disp|digit_3~17      ; Stuck at GND due to stuck port clock                      ;
; counter_display:counter_disp|digit_3~18      ; Stuck at GND due to stuck port clock                      ;
; counter_display:counter_disp|digit_3~19      ; Stuck at GND due to stuck port clock                      ;
; counter_display:counter_disp|digit_3~20      ; Stuck at GND due to stuck port clock                      ;
; counter_display:counter_disp|digit_3~21      ; Stuck at GND due to stuck port clock                      ;
; counter_display:counter_disp|digit_3~22      ; Stuck at GND due to stuck port clock                      ;
; counter_display:counter_disp|digit_3~23      ; Stuck at GND due to stuck port clock                      ;
; counter_display:counter_disp|digit_3~24      ; Stuck at GND due to stuck port clock                      ;
; counter_display:counter_disp|digit_3~25      ; Stuck at GND due to stuck port clock                      ;
; counter_display:counter_disp|digit_3~26      ; Stuck at GND due to stuck port clock                      ;
; counter_display:counter_disp|digit_3~27      ; Stuck at GND due to stuck port clock                      ;
; counter_display:counter_disp|digit_3~28      ; Stuck at GND due to stuck port clock                      ;
; counter_display:counter_disp|digit_3~29      ; Stuck at GND due to stuck port clock                      ;
; counter_display:counter_disp|digit_3~30      ; Stuck at GND due to stuck port clock                      ;
; counter_display:counter_disp|digit_3~31      ; Stuck at GND due to stuck port clock                      ;
; counter_display:counter_disp|digit_3~32      ; Stuck at GND due to stuck port clock                      ;
; counter_display:counter_disp|digit_3~33      ; Stuck at GND due to stuck port clock                      ;
; counter_display:counter_disp|digit_3~34      ; Stuck at GND due to stuck port clock                      ;
; counter_display:counter_disp|digit_3~35      ; Stuck at GND due to stuck port clock                      ;
; counter_display:counter_disp|digit_3~36      ; Stuck at GND due to stuck port clock                      ;
; counter_display:counter_disp|digit_3~37      ; Stuck at GND due to stuck port clock                      ;
; counter_display:counter_disp|digit_3~38      ; Stuck at GND due to stuck port clock                      ;
; counter_display:counter_disp|digit_3~39      ; Stuck at GND due to stuck port clock                      ;
; counter_display:counter_disp|digit_3~40      ; Stuck at GND due to stuck port clock                      ;
; counter_display:counter_disp|digit_3~41      ; Stuck at GND due to stuck port clock                      ;
; counter_display:counter_disp|digit_3~42      ; Stuck at GND due to stuck port clock                      ;
; counter_display:counter_disp|digit_3~43      ; Stuck at GND due to stuck port clock                      ;
; counter_display:counter_disp|digit_3~44      ; Stuck at GND due to stuck port clock                      ;
; counter_display:counter_disp|digit_3~45      ; Stuck at GND due to stuck port clock                      ;
; counter_display:counter_disp|digit_3~46      ; Stuck at GND due to stuck port clock                      ;
; counter_display:counter_disp|digit_3~47      ; Stuck at GND due to stuck port clock                      ;
; counter_display:counter_disp|digit_3~48      ; Stuck at GND due to stuck port clock                      ;
; counter_display:counter_disp|digit_3~49      ; Stuck at GND due to stuck port clock                      ;
; counter_display:counter_disp|digit_3~50      ; Stuck at GND due to stuck port clock                      ;
; counter_display:counter_disp|digit_3~51      ; Stuck at GND due to stuck port clock                      ;
; counter_display:counter_disp|digit_3~52      ; Stuck at GND due to stuck port clock                      ;
; counter_display:counter_disp|digit_3~53      ; Stuck at GND due to stuck port clock                      ;
; counter_display:counter_disp|digit_3~54      ; Stuck at GND due to stuck port clock                      ;
; counter_display:counter_disp|digit_3~55      ; Stuck at GND due to stuck port clock                      ;
; counter_display:counter_disp|digit_3~56      ; Stuck at GND due to stuck port clock                      ;
; counter_display:counter_disp|digit_3~57      ; Stuck at GND due to stuck port clock                      ;
; counter_display:counter_disp|digit_3~58      ; Stuck at GND due to stuck port clock                      ;
; counter_display:counter_disp|digit_3~59      ; Stuck at GND due to stuck port clock                      ;
; counter_display:counter_disp|digit_3~60      ; Stuck at GND due to stuck port clock                      ;
; counter_display:counter_disp|digit_3~61      ; Stuck at GND due to stuck port clock                      ;
; counter_display:counter_disp|digit_3~62      ; Stuck at GND due to stuck port clock                      ;
; counter_display:counter_disp|digit_3~63      ; Stuck at GND due to stuck port clock                      ;
; counter_display:counter_disp|digit_4~0       ; Stuck at GND due to stuck port clock                      ;
; counter_display:counter_disp|digit_4~1       ; Stuck at GND due to stuck port clock                      ;
; counter_display:counter_disp|digit_4~2       ; Stuck at GND due to stuck port clock                      ;
; counter_display:counter_disp|digit_4~3       ; Stuck at GND due to stuck port clock                      ;
; counter_display:counter_disp|digit_4~4       ; Stuck at GND due to stuck port clock                      ;
; counter_display:counter_disp|digit_4~5       ; Stuck at GND due to stuck port clock                      ;
; counter_display:counter_disp|digit_4~6       ; Stuck at GND due to stuck port clock                      ;
; counter_display:counter_disp|digit_4~7       ; Stuck at GND due to stuck port clock                      ;
; counter_display:counter_disp|digit_4~8       ; Stuck at GND due to stuck port clock                      ;
; counter_display:counter_disp|digit_4~9       ; Stuck at GND due to stuck port clock                      ;
; counter_display:counter_disp|digit_4~10      ; Stuck at GND due to stuck port clock                      ;
; counter_display:counter_disp|digit_4~11      ; Stuck at GND due to stuck port clock                      ;
; counter_display:counter_disp|digit_4~12      ; Stuck at GND due to stuck port clock                      ;
; counter_display:counter_disp|digit_4~13      ; Stuck at GND due to stuck port clock                      ;
; counter_display:counter_disp|digit_4~14      ; Stuck at GND due to stuck port clock                      ;
; counter_display:counter_disp|digit_4~15      ; Stuck at GND due to stuck port clock                      ;
; counter_display:counter_disp|digit_4~16      ; Stuck at GND due to stuck port clock                      ;
; counter_display:counter_disp|digit_4~17      ; Stuck at GND due to stuck port clock                      ;
; counter_display:counter_disp|digit_4~18      ; Stuck at GND due to stuck port clock                      ;
; counter_display:counter_disp|digit_4~19      ; Stuck at GND due to stuck port clock                      ;
; counter_display:counter_disp|digit_4~20      ; Stuck at GND due to stuck port clock                      ;
; counter_display:counter_disp|digit_4~21      ; Stuck at GND due to stuck port clock                      ;
; counter_display:counter_disp|digit_4~22      ; Stuck at GND due to stuck port clock                      ;
; counter_display:counter_disp|digit_4~23      ; Stuck at GND due to stuck port clock                      ;
; counter_display:counter_disp|digit_4~24      ; Stuck at GND due to stuck port clock                      ;
; counter_display:counter_disp|digit_4~25      ; Stuck at GND due to stuck port clock                      ;
; counter_display:counter_disp|digit_4~26      ; Stuck at GND due to stuck port clock                      ;
; counter_display:counter_disp|digit_4~27      ; Stuck at GND due to stuck port clock                      ;
; counter_display:counter_disp|digit_4~28      ; Stuck at GND due to stuck port clock                      ;
; counter_display:counter_disp|digit_4~29      ; Stuck at GND due to stuck port clock                      ;
; counter_display:counter_disp|digit_4~30      ; Stuck at GND due to stuck port clock                      ;
; counter_display:counter_disp|digit_4~31      ; Stuck at GND due to stuck port clock                      ;
; counter_display:counter_disp|digit_4~32      ; Stuck at GND due to stuck port clock                      ;
; counter_display:counter_disp|digit_4~33      ; Stuck at GND due to stuck port clock                      ;
; counter_display:counter_disp|digit_4~34      ; Stuck at GND due to stuck port clock                      ;
; counter_display:counter_disp|digit_4~35      ; Stuck at GND due to stuck port clock                      ;
; counter_display:counter_disp|digit_4~36      ; Stuck at GND due to stuck port clock                      ;
; counter_display:counter_disp|digit_4~37      ; Stuck at GND due to stuck port clock                      ;
; counter_display:counter_disp|digit_4~38      ; Stuck at GND due to stuck port clock                      ;
; counter_display:counter_disp|digit_4~39      ; Stuck at GND due to stuck port clock                      ;
; counter_display:counter_disp|digit_4~40      ; Stuck at GND due to stuck port clock                      ;
; counter_display:counter_disp|digit_4~41      ; Stuck at GND due to stuck port clock                      ;
; counter_display:counter_disp|digit_4~42      ; Stuck at GND due to stuck port clock                      ;
; counter_display:counter_disp|digit_4~43      ; Stuck at GND due to stuck port clock                      ;
; counter_display:counter_disp|digit_4~44      ; Stuck at GND due to stuck port clock                      ;
; counter_display:counter_disp|digit_4~45      ; Stuck at GND due to stuck port clock                      ;
; counter_display:counter_disp|digit_4~46      ; Stuck at GND due to stuck port clock                      ;
; counter_display:counter_disp|digit_4~47      ; Stuck at GND due to stuck port clock                      ;
; counter_display:counter_disp|digit_4~48      ; Stuck at GND due to stuck port clock                      ;
; counter_display:counter_disp|digit_4~49      ; Stuck at GND due to stuck port clock                      ;
; counter_display:counter_disp|digit_4~50      ; Stuck at GND due to stuck port clock                      ;
; counter_display:counter_disp|digit_4~51      ; Stuck at GND due to stuck port clock                      ;
; counter_display:counter_disp|digit_4~52      ; Stuck at GND due to stuck port clock                      ;
; counter_display:counter_disp|digit_4~53      ; Stuck at GND due to stuck port clock                      ;
; counter_display:counter_disp|digit_4~54      ; Stuck at GND due to stuck port clock                      ;
; counter_display:counter_disp|digit_4~55      ; Stuck at GND due to stuck port clock                      ;
; counter_display:counter_disp|digit_4~56      ; Stuck at GND due to stuck port clock                      ;
; counter_display:counter_disp|digit_4~57      ; Stuck at GND due to stuck port clock                      ;
; counter_display:counter_disp|digit_4~58      ; Stuck at GND due to stuck port clock                      ;
; counter_display:counter_disp|digit_4~59      ; Stuck at GND due to stuck port clock                      ;
; counter_display:counter_disp|digit_4~60      ; Stuck at GND due to stuck port clock                      ;
; counter_display:counter_disp|digit_4~61      ; Stuck at GND due to stuck port clock                      ;
; counter_display:counter_disp|digit_4~62      ; Stuck at GND due to stuck port clock                      ;
; counter_display:counter_disp|digit_4~63      ; Stuck at GND due to stuck port clock                      ;
; counter_display:counter_disp|digit_5~0       ; Stuck at GND due to stuck port clock                      ;
; counter_display:counter_disp|digit_5~1       ; Stuck at GND due to stuck port clock                      ;
; counter_display:counter_disp|digit_5~2       ; Stuck at GND due to stuck port clock                      ;
; counter_display:counter_disp|digit_5~3       ; Stuck at GND due to stuck port clock                      ;
; counter_display:counter_disp|digit_5~4       ; Stuck at GND due to stuck port clock                      ;
; counter_display:counter_disp|digit_5~5       ; Stuck at GND due to stuck port clock                      ;
; counter_display:counter_disp|digit_5~6       ; Stuck at GND due to stuck port clock                      ;
; counter_display:counter_disp|digit_5~7       ; Stuck at GND due to stuck port clock                      ;
; counter_display:counter_disp|digit_5~8       ; Stuck at GND due to stuck port clock                      ;
; counter_display:counter_disp|digit_5~9       ; Stuck at GND due to stuck port clock                      ;
; counter_display:counter_disp|digit_5~10      ; Stuck at GND due to stuck port clock                      ;
; counter_display:counter_disp|digit_5~11      ; Stuck at GND due to stuck port clock                      ;
; counter_display:counter_disp|digit_5~12      ; Stuck at GND due to stuck port clock                      ;
; counter_display:counter_disp|digit_5~13      ; Stuck at GND due to stuck port clock                      ;
; counter_display:counter_disp|digit_5~14      ; Stuck at GND due to stuck port clock                      ;
; counter_display:counter_disp|digit_5~15      ; Stuck at GND due to stuck port clock                      ;
; counter_display:counter_disp|digit_5~16      ; Stuck at GND due to stuck port clock                      ;
; counter_display:counter_disp|digit_5~17      ; Stuck at GND due to stuck port clock                      ;
; counter_display:counter_disp|digit_5~18      ; Stuck at GND due to stuck port clock                      ;
; counter_display:counter_disp|digit_5~19      ; Stuck at GND due to stuck port clock                      ;
; counter_display:counter_disp|digit_5~20      ; Stuck at GND due to stuck port clock                      ;
; counter_display:counter_disp|digit_5~21      ; Stuck at GND due to stuck port clock                      ;
; counter_display:counter_disp|digit_5~22      ; Stuck at GND due to stuck port clock                      ;
; counter_display:counter_disp|digit_5~23      ; Stuck at GND due to stuck port clock                      ;
; counter_display:counter_disp|digit_5~24      ; Stuck at GND due to stuck port clock                      ;
; counter_display:counter_disp|digit_5~25      ; Stuck at GND due to stuck port clock                      ;
; counter_display:counter_disp|digit_5~26      ; Stuck at GND due to stuck port clock                      ;
; counter_display:counter_disp|digit_5~27      ; Stuck at GND due to stuck port clock                      ;
; counter_display:counter_disp|digit_5~28      ; Stuck at GND due to stuck port clock                      ;
; counter_display:counter_disp|digit_5~29      ; Stuck at GND due to stuck port clock                      ;
; counter_display:counter_disp|digit_5~30      ; Stuck at GND due to stuck port clock                      ;
; counter_display:counter_disp|digit_5~31      ; Stuck at GND due to stuck port clock                      ;
; counter_display:counter_disp|digit_5~32      ; Stuck at GND due to stuck port clock                      ;
; counter_display:counter_disp|digit_5~33      ; Stuck at GND due to stuck port clock                      ;
; counter_display:counter_disp|digit_5~34      ; Stuck at GND due to stuck port clock                      ;
; counter_display:counter_disp|digit_5~35      ; Stuck at GND due to stuck port clock                      ;
; counter_display:counter_disp|digit_5~36      ; Stuck at GND due to stuck port clock                      ;
; counter_display:counter_disp|digit_5~37      ; Stuck at GND due to stuck port clock                      ;
; counter_display:counter_disp|digit_5~38      ; Stuck at GND due to stuck port clock                      ;
; counter_display:counter_disp|digit_5~39      ; Stuck at GND due to stuck port clock                      ;
; counter_display:counter_disp|digit_5~40      ; Stuck at GND due to stuck port clock                      ;
; counter_display:counter_disp|digit_5~41      ; Stuck at GND due to stuck port clock                      ;
; counter_display:counter_disp|digit_5~42      ; Stuck at GND due to stuck port clock                      ;
; counter_display:counter_disp|digit_5~43      ; Stuck at GND due to stuck port clock                      ;
; counter_display:counter_disp|digit_5~44      ; Stuck at GND due to stuck port clock                      ;
; counter_display:counter_disp|digit_5~45      ; Stuck at GND due to stuck port clock                      ;
; counter_display:counter_disp|digit_5~46      ; Stuck at GND due to stuck port clock                      ;
; counter_display:counter_disp|digit_5~47      ; Stuck at GND due to stuck port clock                      ;
; counter_display:counter_disp|digit_5~48      ; Stuck at GND due to stuck port clock                      ;
; counter_display:counter_disp|digit_5~49      ; Stuck at GND due to stuck port clock                      ;
; counter_display:counter_disp|digit_5~50      ; Stuck at GND due to stuck port clock                      ;
; counter_display:counter_disp|digit_5~51      ; Stuck at GND due to stuck port clock                      ;
; counter_display:counter_disp|digit_5~52      ; Stuck at GND due to stuck port clock                      ;
; counter_display:counter_disp|digit_5~53      ; Stuck at GND due to stuck port clock                      ;
; counter_display:counter_disp|digit_5~54      ; Stuck at GND due to stuck port clock                      ;
; counter_display:counter_disp|digit_5~55      ; Stuck at GND due to stuck port clock                      ;
; counter_display:counter_disp|digit_5~56      ; Stuck at GND due to stuck port clock                      ;
; counter_display:counter_disp|digit_5~57      ; Stuck at GND due to stuck port clock                      ;
; counter_display:counter_disp|digit_5~58      ; Stuck at GND due to stuck port clock                      ;
; counter_display:counter_disp|digit_5~59      ; Stuck at GND due to stuck port clock                      ;
; counter_display:counter_disp|digit_5~60      ; Stuck at GND due to stuck port clock                      ;
; counter_display:counter_disp|digit_5~61      ; Stuck at GND due to stuck port clock                      ;
; counter_display:counter_disp|digit_5~62      ; Stuck at GND due to stuck port clock                      ;
; counter_display:counter_disp|digit_5~63      ; Stuck at GND due to stuck port clock                      ;
; counter_display:counter_disp|digit_6~0       ; Stuck at GND due to stuck port clock                      ;
; counter_display:counter_disp|digit_6~1       ; Stuck at GND due to stuck port clock                      ;
; counter_display:counter_disp|digit_6~2       ; Stuck at GND due to stuck port clock                      ;
; counter_display:counter_disp|digit_6~3       ; Stuck at GND due to stuck port clock                      ;
; counter_display:counter_disp|digit_6~4       ; Stuck at GND due to stuck port clock                      ;
; counter_display:counter_disp|digit_6~5       ; Stuck at GND due to stuck port clock                      ;
; counter_display:counter_disp|digit_6~6       ; Stuck at GND due to stuck port clock                      ;
; counter_display:counter_disp|digit_6~7       ; Stuck at GND due to stuck port clock                      ;
; counter_display:counter_disp|digit_6~8       ; Stuck at GND due to stuck port clock                      ;
; counter_display:counter_disp|digit_6~9       ; Stuck at GND due to stuck port clock                      ;
; counter_display:counter_disp|digit_6~10      ; Stuck at GND due to stuck port clock                      ;
; counter_display:counter_disp|digit_6~11      ; Stuck at GND due to stuck port clock                      ;
; counter_display:counter_disp|digit_6~12      ; Stuck at GND due to stuck port clock                      ;
; counter_display:counter_disp|digit_6~13      ; Stuck at GND due to stuck port clock                      ;
; counter_display:counter_disp|digit_6~14      ; Stuck at GND due to stuck port clock                      ;
; counter_display:counter_disp|digit_6~15      ; Stuck at GND due to stuck port clock                      ;
; counter_display:counter_disp|digit_6~16      ; Stuck at GND due to stuck port clock                      ;
; counter_display:counter_disp|digit_6~17      ; Stuck at GND due to stuck port clock                      ;
; counter_display:counter_disp|digit_6~18      ; Stuck at GND due to stuck port clock                      ;
; counter_display:counter_disp|digit_6~19      ; Stuck at GND due to stuck port clock                      ;
; counter_display:counter_disp|digit_6~20      ; Stuck at GND due to stuck port clock                      ;
; counter_display:counter_disp|digit_6~21      ; Stuck at GND due to stuck port clock                      ;
; counter_display:counter_disp|digit_6~22      ; Stuck at GND due to stuck port clock                      ;
; counter_display:counter_disp|digit_6~23      ; Stuck at GND due to stuck port clock                      ;
; counter_display:counter_disp|digit_6~24      ; Stuck at GND due to stuck port clock                      ;
; counter_display:counter_disp|digit_6~25      ; Stuck at GND due to stuck port clock                      ;
; counter_display:counter_disp|digit_6~26      ; Stuck at GND due to stuck port clock                      ;
; counter_display:counter_disp|digit_6~27      ; Stuck at GND due to stuck port clock                      ;
; counter_display:counter_disp|digit_6~28      ; Stuck at GND due to stuck port clock                      ;
; counter_display:counter_disp|digit_6~29      ; Stuck at GND due to stuck port clock                      ;
; counter_display:counter_disp|digit_6~30      ; Stuck at GND due to stuck port clock                      ;
; counter_display:counter_disp|digit_6~31      ; Stuck at GND due to stuck port clock                      ;
; counter_display:counter_disp|digit_6~32      ; Stuck at GND due to stuck port clock                      ;
; counter_display:counter_disp|digit_6~33      ; Stuck at GND due to stuck port clock                      ;
; counter_display:counter_disp|digit_6~34      ; Stuck at GND due to stuck port clock                      ;
; counter_display:counter_disp|digit_6~35      ; Stuck at GND due to stuck port clock                      ;
; counter_display:counter_disp|digit_6~36      ; Stuck at GND due to stuck port clock                      ;
; counter_display:counter_disp|digit_6~37      ; Stuck at GND due to stuck port clock                      ;
; counter_display:counter_disp|digit_6~38      ; Stuck at GND due to stuck port clock                      ;
; counter_display:counter_disp|digit_6~39      ; Stuck at GND due to stuck port clock                      ;
; counter_display:counter_disp|digit_6~40      ; Stuck at GND due to stuck port clock                      ;
; counter_display:counter_disp|digit_6~41      ; Stuck at GND due to stuck port clock                      ;
; counter_display:counter_disp|digit_6~42      ; Stuck at GND due to stuck port clock                      ;
; counter_display:counter_disp|digit_6~43      ; Stuck at GND due to stuck port clock                      ;
; counter_display:counter_disp|digit_6~44      ; Stuck at GND due to stuck port clock                      ;
; counter_display:counter_disp|digit_6~45      ; Stuck at GND due to stuck port clock                      ;
; counter_display:counter_disp|digit_6~46      ; Stuck at GND due to stuck port clock                      ;
; counter_display:counter_disp|digit_6~47      ; Stuck at GND due to stuck port clock                      ;
; counter_display:counter_disp|digit_6~48      ; Stuck at GND due to stuck port clock                      ;
; counter_display:counter_disp|digit_6~49      ; Stuck at GND due to stuck port clock                      ;
; counter_display:counter_disp|digit_6~50      ; Stuck at GND due to stuck port clock                      ;
; counter_display:counter_disp|digit_6~51      ; Stuck at GND due to stuck port clock                      ;
; counter_display:counter_disp|digit_6~52      ; Stuck at GND due to stuck port clock                      ;
; counter_display:counter_disp|digit_6~53      ; Stuck at GND due to stuck port clock                      ;
; counter_display:counter_disp|digit_6~54      ; Stuck at GND due to stuck port clock                      ;
; counter_display:counter_disp|digit_6~55      ; Stuck at GND due to stuck port clock                      ;
; counter_display:counter_disp|digit_6~56      ; Stuck at GND due to stuck port clock                      ;
; counter_display:counter_disp|digit_6~57      ; Stuck at GND due to stuck port clock                      ;
; counter_display:counter_disp|digit_6~58      ; Stuck at GND due to stuck port clock                      ;
; counter_display:counter_disp|digit_6~59      ; Stuck at GND due to stuck port clock                      ;
; counter_display:counter_disp|digit_6~60      ; Stuck at GND due to stuck port clock                      ;
; counter_display:counter_disp|digit_6~61      ; Stuck at GND due to stuck port clock                      ;
; counter_display:counter_disp|digit_6~62      ; Stuck at GND due to stuck port clock                      ;
; counter_display:counter_disp|digit_6~63      ; Stuck at GND due to stuck port clock                      ;
; counter_display:counter_disp|digit_7~0       ; Stuck at GND due to stuck port clock                      ;
; counter_display:counter_disp|digit_7~1       ; Stuck at GND due to stuck port clock                      ;
; counter_display:counter_disp|digit_7~2       ; Stuck at GND due to stuck port clock                      ;
; counter_display:counter_disp|digit_7~3       ; Stuck at GND due to stuck port clock                      ;
; counter_display:counter_disp|digit_7~4       ; Stuck at GND due to stuck port clock                      ;
; counter_display:counter_disp|digit_7~5       ; Stuck at GND due to stuck port clock                      ;
; counter_display:counter_disp|digit_7~6       ; Stuck at GND due to stuck port clock                      ;
; counter_display:counter_disp|digit_7~7       ; Stuck at GND due to stuck port clock                      ;
; counter_display:counter_disp|digit_7~8       ; Stuck at GND due to stuck port clock                      ;
; counter_display:counter_disp|digit_7~9       ; Stuck at GND due to stuck port clock                      ;
; counter_display:counter_disp|digit_7~10      ; Stuck at GND due to stuck port clock                      ;
; counter_display:counter_disp|digit_7~11      ; Stuck at GND due to stuck port clock                      ;
; counter_display:counter_disp|digit_7~12      ; Stuck at GND due to stuck port clock                      ;
; counter_display:counter_disp|digit_7~13      ; Stuck at GND due to stuck port clock                      ;
; counter_display:counter_disp|digit_7~14      ; Stuck at GND due to stuck port clock                      ;
; counter_display:counter_disp|digit_7~15      ; Stuck at GND due to stuck port clock                      ;
; counter_display:counter_disp|digit_7~16      ; Stuck at GND due to stuck port clock                      ;
; counter_display:counter_disp|digit_7~17      ; Stuck at GND due to stuck port clock                      ;
; counter_display:counter_disp|digit_7~18      ; Stuck at GND due to stuck port clock                      ;
; counter_display:counter_disp|digit_7~19      ; Stuck at GND due to stuck port clock                      ;
; counter_display:counter_disp|digit_7~20      ; Stuck at GND due to stuck port clock                      ;
; counter_display:counter_disp|digit_7~21      ; Stuck at GND due to stuck port clock                      ;
; counter_display:counter_disp|digit_7~22      ; Stuck at GND due to stuck port clock                      ;
; counter_display:counter_disp|digit_7~23      ; Stuck at GND due to stuck port clock                      ;
; counter_display:counter_disp|digit_7~24      ; Stuck at GND due to stuck port clock                      ;
; counter_display:counter_disp|digit_7~25      ; Stuck at GND due to stuck port clock                      ;
; counter_display:counter_disp|digit_7~26      ; Stuck at GND due to stuck port clock                      ;
; counter_display:counter_disp|digit_7~27      ; Stuck at GND due to stuck port clock                      ;
; counter_display:counter_disp|digit_7~28      ; Stuck at GND due to stuck port clock                      ;
; counter_display:counter_disp|digit_7~29      ; Stuck at GND due to stuck port clock                      ;
; counter_display:counter_disp|digit_7~30      ; Stuck at GND due to stuck port clock                      ;
; counter_display:counter_disp|digit_7~31      ; Stuck at GND due to stuck port clock                      ;
; counter_display:counter_disp|digit_7~32      ; Stuck at GND due to stuck port clock                      ;
; counter_display:counter_disp|digit_7~33      ; Stuck at GND due to stuck port clock                      ;
; counter_display:counter_disp|digit_7~34      ; Stuck at GND due to stuck port clock                      ;
; counter_display:counter_disp|digit_7~35      ; Stuck at GND due to stuck port clock                      ;
; counter_display:counter_disp|digit_7~36      ; Stuck at GND due to stuck port clock                      ;
; counter_display:counter_disp|digit_7~37      ; Stuck at GND due to stuck port clock                      ;
; counter_display:counter_disp|digit_7~38      ; Stuck at GND due to stuck port clock                      ;
; counter_display:counter_disp|digit_7~39      ; Stuck at GND due to stuck port clock                      ;
; counter_display:counter_disp|digit_7~40      ; Stuck at GND due to stuck port clock                      ;
; counter_display:counter_disp|digit_7~41      ; Stuck at GND due to stuck port clock                      ;
; counter_display:counter_disp|digit_7~42      ; Stuck at GND due to stuck port clock                      ;
; counter_display:counter_disp|digit_7~43      ; Stuck at GND due to stuck port clock                      ;
; counter_display:counter_disp|digit_7~44      ; Stuck at GND due to stuck port clock                      ;
; counter_display:counter_disp|digit_7~45      ; Stuck at GND due to stuck port clock                      ;
; counter_display:counter_disp|digit_7~46      ; Stuck at GND due to stuck port clock                      ;
; counter_display:counter_disp|digit_7~47      ; Stuck at GND due to stuck port clock                      ;
; counter_display:counter_disp|digit_7~48      ; Stuck at GND due to stuck port clock                      ;
; counter_display:counter_disp|digit_7~49      ; Stuck at GND due to stuck port clock                      ;
; counter_display:counter_disp|digit_7~50      ; Stuck at GND due to stuck port clock                      ;
; counter_display:counter_disp|digit_7~51      ; Stuck at GND due to stuck port clock                      ;
; counter_display:counter_disp|digit_7~52      ; Stuck at GND due to stuck port clock                      ;
; counter_display:counter_disp|digit_7~53      ; Stuck at GND due to stuck port clock                      ;
; counter_display:counter_disp|digit_7~54      ; Stuck at GND due to stuck port clock                      ;
; counter_display:counter_disp|digit_7~55      ; Stuck at GND due to stuck port clock                      ;
; counter_display:counter_disp|digit_7~56      ; Stuck at GND due to stuck port clock                      ;
; counter_display:counter_disp|digit_7~57      ; Stuck at GND due to stuck port clock                      ;
; counter_display:counter_disp|digit_7~58      ; Stuck at GND due to stuck port clock                      ;
; counter_display:counter_disp|digit_7~59      ; Stuck at GND due to stuck port clock                      ;
; counter_display:counter_disp|digit_7~60      ; Stuck at GND due to stuck port clock                      ;
; counter_display:counter_disp|digit_7~61      ; Stuck at GND due to stuck port clock                      ;
; counter_display:counter_disp|digit_7~62      ; Stuck at GND due to stuck port clock                      ;
; counter_display:counter_disp|digit_7~63      ; Stuck at GND due to stuck port clock                      ;
; counter_display:counter_disp|digit_8~0       ; Stuck at GND due to stuck port clock                      ;
; counter_display:counter_disp|digit_8~1       ; Stuck at GND due to stuck port clock                      ;
; counter_display:counter_disp|digit_8~2       ; Stuck at GND due to stuck port clock                      ;
; counter_display:counter_disp|digit_8~3       ; Stuck at GND due to stuck port clock                      ;
; counter_display:counter_disp|digit_8~4       ; Stuck at GND due to stuck port clock                      ;
; counter_display:counter_disp|digit_8~5       ; Stuck at GND due to stuck port clock                      ;
; counter_display:counter_disp|digit_8~6       ; Stuck at GND due to stuck port clock                      ;
; counter_display:counter_disp|digit_8~7       ; Stuck at GND due to stuck port clock                      ;
; counter_display:counter_disp|digit_8~8       ; Stuck at GND due to stuck port clock                      ;
; counter_display:counter_disp|digit_8~9       ; Stuck at GND due to stuck port clock                      ;
; counter_display:counter_disp|digit_8~10      ; Stuck at GND due to stuck port clock                      ;
; counter_display:counter_disp|digit_8~11      ; Stuck at GND due to stuck port clock                      ;
; counter_display:counter_disp|digit_8~12      ; Stuck at GND due to stuck port clock                      ;
; counter_display:counter_disp|digit_8~13      ; Stuck at GND due to stuck port clock                      ;
; counter_display:counter_disp|digit_8~14      ; Stuck at GND due to stuck port clock                      ;
; counter_display:counter_disp|digit_8~15      ; Stuck at GND due to stuck port clock                      ;
; counter_display:counter_disp|digit_8~16      ; Stuck at GND due to stuck port clock                      ;
; counter_display:counter_disp|digit_8~17      ; Stuck at GND due to stuck port clock                      ;
; counter_display:counter_disp|digit_8~18      ; Stuck at GND due to stuck port clock                      ;
; counter_display:counter_disp|digit_8~19      ; Stuck at GND due to stuck port clock                      ;
; counter_display:counter_disp|digit_8~20      ; Stuck at GND due to stuck port clock                      ;
; counter_display:counter_disp|digit_8~21      ; Stuck at GND due to stuck port clock                      ;
; counter_display:counter_disp|digit_8~22      ; Stuck at GND due to stuck port clock                      ;
; counter_display:counter_disp|digit_8~23      ; Stuck at GND due to stuck port clock                      ;
; counter_display:counter_disp|digit_8~24      ; Stuck at GND due to stuck port clock                      ;
; counter_display:counter_disp|digit_8~25      ; Stuck at GND due to stuck port clock                      ;
; counter_display:counter_disp|digit_8~26      ; Stuck at GND due to stuck port clock                      ;
; counter_display:counter_disp|digit_8~27      ; Stuck at GND due to stuck port clock                      ;
; counter_display:counter_disp|digit_8~28      ; Stuck at GND due to stuck port clock                      ;
; counter_display:counter_disp|digit_8~29      ; Stuck at GND due to stuck port clock                      ;
; counter_display:counter_disp|digit_8~30      ; Stuck at GND due to stuck port clock                      ;
; counter_display:counter_disp|digit_8~31      ; Stuck at GND due to stuck port clock                      ;
; counter_display:counter_disp|digit_8~32      ; Stuck at GND due to stuck port clock                      ;
; counter_display:counter_disp|digit_8~33      ; Stuck at GND due to stuck port clock                      ;
; counter_display:counter_disp|digit_8~34      ; Stuck at GND due to stuck port clock                      ;
; counter_display:counter_disp|digit_8~35      ; Stuck at GND due to stuck port clock                      ;
; counter_display:counter_disp|digit_8~36      ; Stuck at GND due to stuck port clock                      ;
; counter_display:counter_disp|digit_8~37      ; Stuck at GND due to stuck port clock                      ;
; counter_display:counter_disp|digit_8~38      ; Stuck at GND due to stuck port clock                      ;
; counter_display:counter_disp|digit_8~39      ; Stuck at GND due to stuck port clock                      ;
; counter_display:counter_disp|digit_8~40      ; Stuck at GND due to stuck port clock                      ;
; counter_display:counter_disp|digit_8~41      ; Stuck at GND due to stuck port clock                      ;
; counter_display:counter_disp|digit_8~42      ; Stuck at GND due to stuck port clock                      ;
; counter_display:counter_disp|digit_8~43      ; Stuck at GND due to stuck port clock                      ;
; counter_display:counter_disp|digit_8~44      ; Stuck at GND due to stuck port clock                      ;
; counter_display:counter_disp|digit_8~45      ; Stuck at GND due to stuck port clock                      ;
; counter_display:counter_disp|digit_8~46      ; Stuck at GND due to stuck port clock                      ;
; counter_display:counter_disp|digit_8~47      ; Stuck at GND due to stuck port clock                      ;
; counter_display:counter_disp|digit_8~48      ; Stuck at GND due to stuck port clock                      ;
; counter_display:counter_disp|digit_8~49      ; Stuck at GND due to stuck port clock                      ;
; counter_display:counter_disp|digit_8~50      ; Stuck at GND due to stuck port clock                      ;
; counter_display:counter_disp|digit_8~51      ; Stuck at GND due to stuck port clock                      ;
; counter_display:counter_disp|digit_8~52      ; Stuck at GND due to stuck port clock                      ;
; counter_display:counter_disp|digit_8~53      ; Stuck at GND due to stuck port clock                      ;
; counter_display:counter_disp|digit_8~54      ; Stuck at GND due to stuck port clock                      ;
; counter_display:counter_disp|digit_8~55      ; Stuck at GND due to stuck port clock                      ;
; counter_display:counter_disp|digit_8~56      ; Stuck at GND due to stuck port clock                      ;
; counter_display:counter_disp|digit_8~57      ; Stuck at GND due to stuck port clock                      ;
; counter_display:counter_disp|digit_8~58      ; Stuck at GND due to stuck port clock                      ;
; counter_display:counter_disp|digit_8~59      ; Stuck at GND due to stuck port clock                      ;
; counter_display:counter_disp|digit_8~60      ; Stuck at GND due to stuck port clock                      ;
; counter_display:counter_disp|digit_8~61      ; Stuck at GND due to stuck port clock                      ;
; counter_display:counter_disp|digit_8~62      ; Stuck at GND due to stuck port clock                      ;
; counter_display:counter_disp|digit_8~63      ; Stuck at GND due to stuck port clock                      ;
; counter_display:counter_disp|digit_9~0       ; Stuck at GND due to stuck port clock                      ;
; counter_display:counter_disp|digit_9~1       ; Stuck at GND due to stuck port clock                      ;
; counter_display:counter_disp|digit_9~2       ; Stuck at GND due to stuck port clock                      ;
; counter_display:counter_disp|digit_9~3       ; Stuck at GND due to stuck port clock                      ;
; counter_display:counter_disp|digit_9~4       ; Stuck at GND due to stuck port clock                      ;
; counter_display:counter_disp|digit_9~5       ; Stuck at GND due to stuck port clock                      ;
; counter_display:counter_disp|digit_9~6       ; Stuck at GND due to stuck port clock                      ;
; counter_display:counter_disp|digit_9~7       ; Stuck at GND due to stuck port clock                      ;
; counter_display:counter_disp|digit_9~8       ; Stuck at GND due to stuck port clock                      ;
; counter_display:counter_disp|digit_9~9       ; Stuck at GND due to stuck port clock                      ;
; counter_display:counter_disp|digit_9~10      ; Stuck at GND due to stuck port clock                      ;
; counter_display:counter_disp|digit_9~11      ; Stuck at GND due to stuck port clock                      ;
; counter_display:counter_disp|digit_9~12      ; Stuck at GND due to stuck port clock                      ;
; counter_display:counter_disp|digit_9~13      ; Stuck at GND due to stuck port clock                      ;
; counter_display:counter_disp|digit_9~14      ; Stuck at GND due to stuck port clock                      ;
; counter_display:counter_disp|digit_9~15      ; Stuck at GND due to stuck port clock                      ;
; counter_display:counter_disp|digit_9~16      ; Stuck at GND due to stuck port clock                      ;
; counter_display:counter_disp|digit_9~17      ; Stuck at GND due to stuck port clock                      ;
; counter_display:counter_disp|digit_9~18      ; Stuck at GND due to stuck port clock                      ;
; counter_display:counter_disp|digit_9~19      ; Stuck at GND due to stuck port clock                      ;
; counter_display:counter_disp|digit_9~20      ; Stuck at GND due to stuck port clock                      ;
; counter_display:counter_disp|digit_9~21      ; Stuck at GND due to stuck port clock                      ;
; counter_display:counter_disp|digit_9~22      ; Stuck at GND due to stuck port clock                      ;
; counter_display:counter_disp|digit_9~23      ; Stuck at GND due to stuck port clock                      ;
; counter_display:counter_disp|digit_9~24      ; Stuck at GND due to stuck port clock                      ;
; counter_display:counter_disp|digit_9~25      ; Stuck at GND due to stuck port clock                      ;
; counter_display:counter_disp|digit_9~26      ; Stuck at GND due to stuck port clock                      ;
; counter_display:counter_disp|digit_9~27      ; Stuck at GND due to stuck port clock                      ;
; counter_display:counter_disp|digit_9~28      ; Stuck at GND due to stuck port clock                      ;
; counter_display:counter_disp|digit_9~29      ; Stuck at GND due to stuck port clock                      ;
; counter_display:counter_disp|digit_9~30      ; Stuck at GND due to stuck port clock                      ;
; counter_display:counter_disp|digit_9~31      ; Stuck at GND due to stuck port clock                      ;
; counter_display:counter_disp|digit_9~32      ; Stuck at GND due to stuck port clock                      ;
; counter_display:counter_disp|digit_9~33      ; Stuck at GND due to stuck port clock                      ;
; counter_display:counter_disp|digit_9~34      ; Stuck at GND due to stuck port clock                      ;
; counter_display:counter_disp|digit_9~35      ; Stuck at GND due to stuck port clock                      ;
; counter_display:counter_disp|digit_9~36      ; Stuck at GND due to stuck port clock                      ;
; counter_display:counter_disp|digit_9~37      ; Stuck at GND due to stuck port clock                      ;
; counter_display:counter_disp|digit_9~38      ; Stuck at GND due to stuck port clock                      ;
; counter_display:counter_disp|digit_9~39      ; Stuck at GND due to stuck port clock                      ;
; counter_display:counter_disp|digit_9~40      ; Stuck at GND due to stuck port clock                      ;
; counter_display:counter_disp|digit_9~41      ; Stuck at GND due to stuck port clock                      ;
; counter_display:counter_disp|digit_9~42      ; Stuck at GND due to stuck port clock                      ;
; counter_display:counter_disp|digit_9~43      ; Stuck at GND due to stuck port clock                      ;
; counter_display:counter_disp|digit_9~44      ; Stuck at GND due to stuck port clock                      ;
; counter_display:counter_disp|digit_9~45      ; Stuck at GND due to stuck port clock                      ;
; counter_display:counter_disp|digit_9~46      ; Stuck at GND due to stuck port clock                      ;
; counter_display:counter_disp|digit_9~47      ; Stuck at GND due to stuck port clock                      ;
; counter_display:counter_disp|digit_9~48      ; Stuck at GND due to stuck port clock                      ;
; counter_display:counter_disp|digit_9~49      ; Stuck at GND due to stuck port clock                      ;
; counter_display:counter_disp|digit_9~50      ; Stuck at GND due to stuck port clock                      ;
; counter_display:counter_disp|digit_9~51      ; Stuck at GND due to stuck port clock                      ;
; counter_display:counter_disp|digit_9~52      ; Stuck at GND due to stuck port clock                      ;
; counter_display:counter_disp|digit_9~53      ; Stuck at GND due to stuck port clock                      ;
; counter_display:counter_disp|digit_9~54      ; Stuck at GND due to stuck port clock                      ;
; counter_display:counter_disp|digit_9~55      ; Stuck at GND due to stuck port clock                      ;
; counter_display:counter_disp|digit_9~56      ; Stuck at GND due to stuck port clock                      ;
; counter_display:counter_disp|digit_9~57      ; Stuck at GND due to stuck port clock                      ;
; counter_display:counter_disp|digit_9~58      ; Stuck at GND due to stuck port clock                      ;
; counter_display:counter_disp|digit_9~59      ; Stuck at GND due to stuck port clock                      ;
; counter_display:counter_disp|digit_9~60      ; Stuck at GND due to stuck port clock                      ;
; counter_display:counter_disp|digit_9~61      ; Stuck at GND due to stuck port clock                      ;
; counter_display:counter_disp|digit_9~62      ; Stuck at GND due to stuck port clock                      ;
; counter_display:counter_disp|digit_9~63      ; Stuck at GND due to stuck port clock                      ;
; Total Number of Removed Registers = 806      ;                                                           ;
+----------------------------------------------+-----------------------------------------------------------+


+------------------------------------------------------+
; General Register Statistics                          ;
+----------------------------------------------+-------+
; Statistic                                    ; Value ;
+----------------------------------------------+-------+
; Total registers                              ; 454   ;
; Number of registers using Synchronous Clear  ; 284   ;
; Number of registers using Synchronous Load   ; 20    ;
; Number of registers using Asynchronous Clear ; 122   ;
; Number of registers using Asynchronous Load  ; 0     ;
; Number of registers using Clock Enable       ; 124   ;
; Number of registers using Preset             ; 0     ;
+----------------------------------------------+-------+


+---------------------------------------------------+
; Inverted Register Statistics                      ;
+-----------------------------------------+---------+
; Inverted Register                       ; Fan out ;
+-----------------------------------------+---------+
; countdown_value[0]                      ; 14      ;
; countdown_value[1]                      ; 13      ;
; menu_mode                               ; 65      ;
; player2_fsm:ken_fsm|health[1]           ; 13      ;
; player2_fsm:ken_fsm|health[0]           ; 13      ;
; player_fsm:fsm|health[0]                ; 13      ;
; player_fsm:fsm|health[1]                ; 13      ;
; player2_fsm:ken_fsm|block_points[1]     ; 4       ;
; player2_fsm:ken_fsm|block_points[0]     ; 5       ;
; player_fsm:fsm|block_points[1]          ; 5       ;
; player_fsm:fsm|block_points[0]          ; 6       ;
; player_fsm:fsm|player[2]                ; 24      ;
; player2_fsm:ken_fsm|player[3]           ; 20      ;
; player2_fsm:ken_fsm|player[2]           ; 22      ;
; player2_fsm:ken_fsm|player[8]           ; 23      ;
; player2_fsm:ken_fsm|player[7]           ; 26      ;
; player2_fsm:ken_fsm|player[6]           ; 28      ;
; player2_fsm:ken_fsm|player[4]           ; 20      ;
; player_fsm:fsm|player[6]                ; 38      ;
; player_fsm:fsm|player[5]                ; 24      ;
; bot_fsm:ken_bot|health[1]               ; 4       ;
; bot_fsm:ken_bot|health[0]               ; 5       ;
; bot_fsm:ken_bot|lfsr_reg[1]             ; 10      ;
; bot_fsm:ken_bot|lfsr_reg[0]             ; 8       ;
; bot_fsm:ken_bot|block_points[1]         ; 2       ;
; bot_fsm:ken_bot|block_points[0]         ; 3       ;
; Total number of inverted registers = 26 ;         ;
+-----------------------------------------+---------+


+-------------------------------------------------------------------------------------------------------------------+
; Registers Packed Into Inferred Megafunctions                                                                      ;
+-------------------------------------------------+----------------------------------------------------------+------+
; Register Name                                   ; Megafunction                                             ; Type ;
+-------------------------------------------------+----------------------------------------------------------+------+
; character_render:ken_lose|rom_data[0..7]        ; character_render:ken_lose|ken_lose_rom_rtl_0             ; RAM  ;
; character_render:ken_blockstun|rom_data[0..7]   ; character_render:ken_blockstun|ken_block_rom_rtl_0       ; RAM  ;
; character_render:ken_hitstun|rom_data[0..7]     ; character_render:ken_hitstun|ken_stun_rom_rtl_0          ; RAM  ;
; character_render:ken_dir_attack|rom_data[0..7]  ; character_render:ken_dir_attack|ken_dir_attack_rom_rtl_0 ; RAM  ;
; character_render:ken_attack_inst|rom_data[0..7] ; character_render:ken_attack_inst|ken_attack_rom_rtl_0    ; RAM  ;
; character_render:ken_idle|rom_data[0..7]        ; character_render:ken_idle|ken_idle_rom_rtl_0             ; RAM  ;
; character_render:ryu_lose|rom_data[0..7]        ; character_render:ryu_lose|ryu_lose_rom_rtl_0             ; RAM  ;
; character_render:ryu_blockstun|rom_data[0..7]   ; character_render:ryu_blockstun|ryu_block_rom_rtl_0       ; RAM  ;
; character_render:ryu_hitstun|rom_data[0..7]     ; character_render:ryu_hitstun|ryu_stun_rom_rtl_0          ; RAM  ;
; character_render:ryu_dir_attack|rom_data[0..7]  ; character_render:ryu_dir_attack|ryu_dir_attack_rom_rtl_0 ; RAM  ;
; character_render:ryu_attack|rom_data[0..7]      ; character_render:ryu_attack|ryu_attack_rom_rtl_0         ; RAM  ;
; character_render:ryu_idle|rom_data[0..7]        ; character_render:ryu_idle|ryu_idle_rom_rtl_0             ; RAM  ;
+-------------------------------------------------+----------------------------------------------------------+------+


+------------------------------------------------------------------------------------------------------------------------------------------------------------------+
; Multiplexer Restructuring Statistics (Restructuring Performed)                                                                                                   ;
+--------------------+-----------+---------------+----------------------+------------------------+------------+----------------------------------------------------+
; Multiplexer Inputs ; Bus Width ; Baseline Area ; Area if Restructured ; Saving if Restructured ; Registered ; Example Multiplexer Output                         ;
+--------------------+-----------+---------------+----------------------+------------------------+------------+----------------------------------------------------+
; 3:1                ; 6 bits    ; 12 LEs        ; 12 LEs               ; 0 LEs                  ; Yes        ; |game|game_tick_counter[5]                         ;
; 3:1                ; 25 bits   ; 50 LEs        ; 0 LEs                ; 50 LEs                 ; Yes        ; |game|blink_counter[20]                            ;
; 3:1                ; 5 bits    ; 10 LEs        ; 10 LEs               ; 0 LEs                  ; Yes        ; |game|player2_fsm:ken_fsm|frame_counter[4]         ;
; 3:1                ; 5 bits    ; 10 LEs        ; 10 LEs               ; 0 LEs                  ; Yes        ; |game|bot_fsm:ken_bot|frame_counter[1]             ;
; 3:1                ; 5 bits    ; 10 LEs        ; 10 LEs               ; 0 LEs                  ; Yes        ; |game|player_fsm:fsm|frame_counter[4]              ;
; 5:1                ; 3 bits    ; 9 LEs         ; 3 LEs                ; 6 LEs                  ; Yes        ; |game|player2_fsm:ken_fsm|player[9]                ;
; 5:1                ; 6 bits    ; 18 LEs        ; 6 LEs                ; 12 LEs                 ; Yes        ; |game|player_fsm:fsm|player[9]                     ;
; 7:1                ; 26 bits   ; 104 LEs       ; 0 LEs                ; 104 LEs                ; Yes        ; |game|countdown_counter[11]                        ;
; 9:1                ; 26 bits   ; 156 LEs       ; 0 LEs                ; 156 LEs                ; Yes        ; |game|key_debounce_counter[10]                     ;
; 10:1               ; 10 bits   ; 60 LEs        ; 0 LEs                ; 60 LEs                 ; Yes        ; |game|vga_driver:vga|v_counter[8]                  ;
; 10:1               ; 10 bits   ; 60 LEs        ; 0 LEs                ; 60 LEs                 ; Yes        ; |game|vga_driver:vga|h_counter[9]                  ;
; 31:1               ; 2 bits    ; 40 LEs        ; 38 LEs               ; 2 LEs                  ; Yes        ; |game|vga_driver:vga|red_reg[7]                    ;
; 40:1               ; 2 bits    ; 52 LEs        ; 50 LEs               ; 2 LEs                  ; Yes        ; |game|vga_driver:vga|red_reg[6]                    ;
; 5:1                ; 2 bits    ; 6 LEs         ; 4 LEs                ; 2 LEs                  ; Yes        ; |game|countdown_value[1]                           ;
; 5:1                ; 6 bits    ; 18 LEs        ; 6 LEs                ; 12 LEs                 ; Yes        ; |game|player2_fsm:ken_fsm|player[8]                ;
; 5:1                ; 3 bits    ; 9 LEs         ; 3 LEs                ; 6 LEs                  ; Yes        ; |game|player_fsm:fsm|player[6]                     ;
; 3:1                ; 2 bits    ; 4 LEs         ; 4 LEs                ; 0 LEs                  ; No         ; |game|countdown_value                              ;
; 3:1                ; 2 bits    ; 4 LEs         ; 4 LEs                ; 0 LEs                  ; No         ; |game|LEDR                                         ;
; 3:1                ; 2 bits    ; 4 LEs         ; 4 LEs                ; 0 LEs                  ; No         ; |game|HEX4                                         ;
; 3:1                ; 3 bits    ; 6 LEs         ; 6 LEs                ; 0 LEs                  ; No         ; |game|ken_move_right                               ;
; 4:1                ; 3 bits    ; 6 LEs         ; 6 LEs                ; 0 LEs                  ; No         ; |game|HEX4                                         ;
; 4:1                ; 4 bits    ; 8 LEs         ; 8 LEs                ; 0 LEs                  ; No         ; |game|HEX0                                         ;
; 5:1                ; 15 bits   ; 45 LEs        ; 45 LEs               ; 0 LEs                  ; No         ; |game|HEX1                                         ;
; 5:1                ; 6 bits    ; 18 LEs        ; 12 LEs               ; 6 LEs                  ; No         ; |game|health_block_bars:bars|local_y[5]            ;
; 6:1                ; 2 bits    ; 8 LEs         ; 8 LEs                ; 0 LEs                  ; No         ; |game|HEX5                                         ;
; 10:1               ; 2 bits    ; 12 LEs        ; 12 LEs               ; 0 LEs                  ; No         ; |game|health_block_bars:bars|bar_color[5]          ;
; 13:1               ; 4 bits    ; 32 LEs        ; 16 LEs               ; 16 LEs                 ; No         ; |game|health_block_bars:bars|local_x[4]            ;
; 27:1               ; 10 bits   ; 180 LEs       ; 80 LEs               ; 100 LEs                ; No         ; |game|player2_fsm:ken_fsm|next_state.IDLE          ;
; 27:1               ; 2 bits    ; 36 LEs        ; 8 LEs                ; 28 LEs                 ; No         ; |game|player2_fsm:ken_fsm|next_state.BLOCKSTUN     ;
; 27:1               ; 10 bits   ; 180 LEs       ; 80 LEs               ; 100 LEs                ; No         ; |game|bot_fsm:ken_bot|next_state.ATTACK_STARTUP    ;
; 27:1               ; 2 bits    ; 36 LEs        ; 8 LEs                ; 28 LEs                 ; No         ; |game|bot_fsm:ken_bot|next_state.HITSTUN           ;
; 27:1               ; 10 bits   ; 180 LEs       ; 80 LEs               ; 100 LEs                ; No         ; |game|player_fsm:fsm|next_state.DIR_ATTACK_RECOVER ;
; 27:1               ; 2 bits    ; 36 LEs        ; 8 LEs                ; 28 LEs                 ; No         ; |game|player_fsm:fsm|next_state.HITSTUN            ;
+--------------------+-----------+---------------+----------------------+------------------------+------------+----------------------------------------------------+


+---------------------------------------------------------------------------------------------------------------+
; Source assignments for character_render:ken_lose|altsyncram:ken_lose_rom_rtl_0|altsyncram_aoe1:auto_generated ;
+---------------------------------+--------------------+------+-------------------------------------------------+
; Assignment                      ; Value              ; From ; To                                              ;
+---------------------------------+--------------------+------+-------------------------------------------------+
; OPTIMIZE_POWER_DURING_SYNTHESIS ; NORMAL_COMPILATION ; -    ; -                                               ;
+---------------------------------+--------------------+------+-------------------------------------------------+


+---------------------------------------------------------------------------------------------------------------------+
; Source assignments for character_render:ken_blockstun|altsyncram:ken_block_rom_rtl_0|altsyncram_0ne1:auto_generated ;
+---------------------------------+--------------------+------+-------------------------------------------------------+
; Assignment                      ; Value              ; From ; To                                                    ;
+---------------------------------+--------------------+------+-------------------------------------------------------+
; OPTIMIZE_POWER_DURING_SYNTHESIS ; NORMAL_COMPILATION ; -    ; -                                                     ;
+---------------------------------+--------------------+------+-------------------------------------------------------+


+------------------------------------------------------------------------------------------------------------------+
; Source assignments for character_render:ken_hitstun|altsyncram:ken_stun_rom_rtl_0|altsyncram_9oe1:auto_generated ;
+---------------------------------+--------------------+------+----------------------------------------------------+
; Assignment                      ; Value              ; From ; To                                                 ;
+---------------------------------+--------------------+------+----------------------------------------------------+
; OPTIMIZE_POWER_DURING_SYNTHESIS ; NORMAL_COMPILATION ; -    ; -                                                  ;
+---------------------------------+--------------------+------+----------------------------------------------------+


+---------------------------------------------------------------------------------------------------------------------------+
; Source assignments for character_render:ken_dir_attack|altsyncram:ken_dir_attack_rom_rtl_0|altsyncram_1ne1:auto_generated ;
+---------------------------------+--------------------+------+-------------------------------------------------------------+
; Assignment                      ; Value              ; From ; To                                                          ;
+---------------------------------+--------------------+------+-------------------------------------------------------------+
; OPTIMIZE_POWER_DURING_SYNTHESIS ; NORMAL_COMPILATION ; -    ; -                                                           ;
+---------------------------------+--------------------+------+-------------------------------------------------------------+


+------------------------------------------------------------------------------------------------------------------------+
; Source assignments for character_render:ken_attack_inst|altsyncram:ken_attack_rom_rtl_0|altsyncram_vme1:auto_generated ;
+---------------------------------+--------------------+------+----------------------------------------------------------+
; Assignment                      ; Value              ; From ; To                                                       ;
+---------------------------------+--------------------+------+----------------------------------------------------------+
; OPTIMIZE_POWER_DURING_SYNTHESIS ; NORMAL_COMPILATION ; -    ; -                                                        ;
+---------------------------------+--------------------+------+----------------------------------------------------------+


+---------------------------------------------------------------------------------------------------------------+
; Source assignments for character_render:ken_idle|altsyncram:ken_idle_rom_rtl_0|altsyncram_ume1:auto_generated ;
+---------------------------------+--------------------+------+-------------------------------------------------+
; Assignment                      ; Value              ; From ; To                                              ;
+---------------------------------+--------------------+------+-------------------------------------------------+
; OPTIMIZE_POWER_DURING_SYNTHESIS ; NORMAL_COMPILATION ; -    ; -                                               ;
+---------------------------------+--------------------+------+-------------------------------------------------+


+---------------------------------------------------------------------------------------------------------------+
; Source assignments for character_render:ryu_lose|altsyncram:ryu_lose_rom_rtl_0|altsyncram_tme1:auto_generated ;
+---------------------------------+--------------------+------+-------------------------------------------------+
; Assignment                      ; Value              ; From ; To                                              ;
+---------------------------------+--------------------+------+-------------------------------------------------+
; OPTIMIZE_POWER_DURING_SYNTHESIS ; NORMAL_COMPILATION ; -    ; -                                               ;
+---------------------------------+--------------------+------+-------------------------------------------------+


+---------------------------------------------------------------------------------------------------------------------+
; Source assignments for character_render:ryu_blockstun|altsyncram:ryu_block_rom_rtl_0|altsyncram_qme1:auto_generated ;
+---------------------------------+--------------------+------+-------------------------------------------------------+
; Assignment                      ; Value              ; From ; To                                                    ;
+---------------------------------+--------------------+------+-------------------------------------------------------+
; OPTIMIZE_POWER_DURING_SYNTHESIS ; NORMAL_COMPILATION ; -    ; -                                                     ;
+---------------------------------+--------------------+------+-------------------------------------------------------+


+------------------------------------------------------------------------------------------------------------------+
; Source assignments for character_render:ryu_hitstun|altsyncram:ryu_stun_rom_rtl_0|altsyncram_sme1:auto_generated ;
+---------------------------------+--------------------+------+----------------------------------------------------+
; Assignment                      ; Value              ; From ; To                                                 ;
+---------------------------------+--------------------+------+----------------------------------------------------+
; OPTIMIZE_POWER_DURING_SYNTHESIS ; NORMAL_COMPILATION ; -    ; -                                                  ;
+---------------------------------+--------------------+------+----------------------------------------------------+


+---------------------------------------------------------------------------------------------------------------------------+
; Source assignments for character_render:ryu_dir_attack|altsyncram:ryu_dir_attack_rom_rtl_0|altsyncram_rme1:auto_generated ;
+---------------------------------+--------------------+------+-------------------------------------------------------------+
; Assignment                      ; Value              ; From ; To                                                          ;
+---------------------------------+--------------------+------+-------------------------------------------------------------+
; OPTIMIZE_POWER_DURING_SYNTHESIS ; NORMAL_COMPILATION ; -    ; -                                                           ;
+---------------------------------+--------------------+------+-------------------------------------------------------------+


+-------------------------------------------------------------------------------------------------------------------+
; Source assignments for character_render:ryu_attack|altsyncram:ryu_attack_rom_rtl_0|altsyncram_pme1:auto_generated ;
+---------------------------------+--------------------+------+-----------------------------------------------------+
; Assignment                      ; Value              ; From ; To                                                  ;
+---------------------------------+--------------------+------+-----------------------------------------------------+
; OPTIMIZE_POWER_DURING_SYNTHESIS ; NORMAL_COMPILATION ; -    ; -                                                   ;
+---------------------------------+--------------------+------+-----------------------------------------------------+


+---------------------------------------------------------------------------------------------------------------+
; Source assignments for character_render:ryu_idle|altsyncram:ryu_idle_rom_rtl_0|altsyncram_ome1:auto_generated ;
+---------------------------------+--------------------+------+-------------------------------------------------+
; Assignment                      ; Value              ; From ; To                                              ;
+---------------------------------+--------------------+------+-------------------------------------------------+
; OPTIMIZE_POWER_DURING_SYNTHESIS ; NORMAL_COMPILATION ; -    ; -                                               ;
+---------------------------------+--------------------+------+-------------------------------------------------+


+----------------------------------------------------------------------+
; Parameter Settings for User Entity Instance: Top-level Entity: |game ;
+--------------------+----------+--------------------------------------+
; Parameter Name     ; Value    ; Type                                 ;
+--------------------+----------+--------------------------------------+
; KEY_DEBOUNCE_DELAY ; 2500000  ; Signed Integer                       ;
; COUNTDOWN_DELAY    ; 50000000 ; Signed Integer                       ;
; CHAR_WIDTH         ; 64       ; Signed Integer                       ;
; CHAR_HEIGHT        ; 120      ; Signed Integer                       ;
; CHAR_Y             ; 280      ; Signed Integer                       ;
; CHAR2_WIDTH        ; 64       ; Signed Integer                       ;
; CHAR2_HEIGHT       ; 120      ; Signed Integer                       ;
; CHAR2_Y            ; 280      ; Signed Integer                       ;
; CHAR2_X            ; 576      ; Signed Integer                       ;
; HURTBOX_FILL       ; 00000001 ; Unsigned Binary                      ;
; HITBOX_FILL        ; 10000000 ; Unsigned Binary                      ;
; BLINK_DELAY        ; 25000000 ; Signed Integer                       ;
+--------------------+----------+--------------------------------------+
Note: In order to hide this table in the UI and the text report file, please set the "Show Parameter Settings in Synthesis Report" option in "Analysis and Synthesis Settings -> More Settings" to "Off".


+-----------------------------------------------------------------------+
; Parameter Settings for User Entity Instance: clk_divider:game_clk_div ;
+----------------+--------+---------------------------------------------+
; Parameter Name ; Value  ; Type                                        ;
+----------------+--------+---------------------------------------------+
; DIV            ; 833333 ; Signed Integer                              ;
+----------------+--------+---------------------------------------------+
Note: In order to hide this table in the UI and the text report file, please set the "Show Parameter Settings in Synthesis Report" option in "Analysis and Synthesis Settings -> More Settings" to "Off".


+----------------------------------------------------------------------+
; Parameter Settings for User Entity Instance: clk_divider:vga_clk_div ;
+----------------+-------+---------------------------------------------+
; Parameter Name ; Value ; Type                                        ;
+----------------+-------+---------------------------------------------+
; DIV            ; 2     ; Signed Integer                              ;
+----------------+-------+---------------------------------------------+
Note: In order to hide this table in the UI and the text report file, please set the "Show Parameter Settings in Synthesis Report" option in "Analysis and Synthesis Settings -> More Settings" to "Off".


+-----------------------------------------------------------------------------+
; Parameter Settings for User Entity Instance: game_over_display:game_overcik ;
+----------------+----------+-------------------------------------------------+
; Parameter Name ; Value    ; Type                                            ;
+----------------+----------+-------------------------------------------------+
; BG_COLOR       ; 00100100 ; Unsigned Binary                                 ;
; BORDER_COLOR   ; 11111111 ; Unsigned Binary                                 ;
; TEXT_COLOR     ; 11111100 ; Unsigned Binary                                 ;
; TEXT_X         ; 250      ; Signed Integer                                  ;
; TEXT_Y         ; 200      ; Signed Integer                                  ;
; CHAR_W         ; 30       ; Signed Integer                                  ;
; CHAR_H         ; 40       ; Signed Integer                                  ;
; BORDER_WIDTH   ; 8        ; Signed Integer                                  ;
+----------------+----------+-------------------------------------------------+
Note: In order to hide this table in the UI and the text report file, please set the "Show Parameter Settings in Synthesis Report" option in "Analysis and Synthesis Settings -> More Settings" to "Off".


+---------------------------------------------------------------------+
; Parameter Settings for User Entity Instance: health_block_bars:bars ;
+----------------+-------+--------------------------------------------+
; Parameter Name ; Value ; Type                                       ;
+----------------+-------+--------------------------------------------+
; BAR_WIDTH      ; 20    ; Signed Integer                             ;
; BAR_HEIGHT     ; 8     ; Signed Integer                             ;
; BAR_SPACING    ; 4     ; Signed Integer                             ;
; P1_HEALTH_X    ; 20    ; Signed Integer                             ;
; P1_HEALTH_Y    ; 20    ; Signed Integer                             ;
; P1_BLOCK_X     ; 20    ; Signed Integer                             ;
; P1_BLOCK_Y     ; 35    ; Signed Integer                             ;
; P2_HEALTH_X    ; 580   ; Signed Integer                             ;
; P2_HEALTH_Y    ; 20    ; Signed Integer                             ;
; P2_BLOCK_X     ; 580   ; Signed Integer                             ;
; P2_BLOCK_Y     ; 35    ; Signed Integer                             ;
+----------------+-------+--------------------------------------------+
Note: In order to hide this table in the UI and the text report file, please set the "Show Parameter Settings in Synthesis Report" option in "Analysis and Synthesis Settings -> More Settings" to "Off".


+----------------------------------------------------------------------+
; Parameter Settings for User Entity Instance: menu_background:menu_bg ;
+----------------+-------+---------------------------------------------+
; Parameter Name ; Value ; Type                                        ;
+----------------+-------+---------------------------------------------+
; IMAGE_WIDTH    ; 160   ; Signed Integer                              ;
; IMAGE_HEIGHT   ; 120   ; Signed Integer                              ;
; SCALE_FACTOR   ; 2     ; Signed Integer                              ;
; MEM_SIZE       ; 19200 ; Signed Integer                              ;
+----------------+-------+---------------------------------------------+
Note: In order to hide this table in the UI and the text report file, please set the "Show Parameter Settings in Synthesis Report" option in "Analysis and Synthesis Settings -> More Settings" to "Off".


+-------------------------------------------------------------+
; Parameter Settings for User Entity Instance: vga_driver:vga ;
+----------------+------------+-------------------------------+
; Parameter Name ; Value      ; Type                          ;
+----------------+------------+-------------------------------+
; H_ACTIVE       ; 1001111111 ; Unsigned Binary               ;
; H_FRONT        ; 0000001111 ; Unsigned Binary               ;
; H_PULSE        ; 0001011111 ; Unsigned Binary               ;
; H_BACK         ; 0000101111 ; Unsigned Binary               ;
; V_ACTIVE       ; 0111011111 ; Unsigned Binary               ;
; V_FRONT        ; 0000001001 ; Unsigned Binary               ;
; V_PULSE        ; 0000000001 ; Unsigned Binary               ;
; V_BACK         ; 0000100000 ; Unsigned Binary               ;
; LOW            ; 0          ; Unsigned Binary               ;
; HIGH           ; 1          ; Unsigned Binary               ;
; H_ACTIVE_STATE ; 00000000   ; Unsigned Binary               ;
; H_FRONT_STATE  ; 00000001   ; Unsigned Binary               ;
; H_PULSE_STATE  ; 00000010   ; Unsigned Binary               ;
; H_BACK_STATE   ; 00000011   ; Unsigned Binary               ;
; V_ACTIVE_STATE ; 00000000   ; Unsigned Binary               ;
; V_FRONT_STATE  ; 00000001   ; Unsigned Binary               ;
; V_PULSE_STATE  ; 00000010   ; Unsigned Binary               ;
; V_BACK_STATE   ; 00000011   ; Unsigned Binary               ;
+----------------+------------+-------------------------------+
Note: In order to hide this table in the UI and the text report file, please set the "Show Parameter Settings in Synthesis Report" option in "Analysis and Synthesis Settings -> More Settings" to "Off".


+-------------------------------------------------------------+
; Parameter Settings for User Entity Instance: player_fsm:fsm ;
+--------------------+-------+--------------------------------+
; Parameter Name     ; Value ; Type                           ;
+--------------------+-------+--------------------------------+
; IDLE               ; 0000  ; Unsigned Binary                ;
; MOVING_L           ; 0001  ; Unsigned Binary                ;
; MOVING_R           ; 0010  ; Unsigned Binary                ;
; ATTACK_STARTUP     ; 0011  ; Unsigned Binary                ;
; ATTACK_ACTIVE      ; 0100  ; Unsigned Binary                ;
; ATTACK_RECOVER     ; 0101  ; Unsigned Binary                ;
; DIR_ATTACK_STARTUP ; 0110  ; Unsigned Binary                ;
; DIR_ATTACK_ACTIVE  ; 0111  ; Unsigned Binary                ;
; DIR_ATTACK_RECOVER ; 1000  ; Unsigned Binary                ;
; HITSTUN            ; 1001  ; Unsigned Binary                ;
; BLOCKSTUN          ; 1010  ; Unsigned Binary                ;
; LOSE               ; 1011  ; Unsigned Binary                ;
; STARTUP_FRAMES     ; 4     ; Signed Integer                 ;
; ACTIVE_FRAMES      ; 1     ; Signed Integer                 ;
; RECOVER_FRAMES     ; 15    ; Signed Integer                 ;
; DIR_STARTUP_FRAMES ; 3     ; Signed Integer                 ;
; DIR_ACTIVE_FRAMES  ; 2     ; Signed Integer                 ;
; DIR_RECOVER_FRAMES ; 14    ; Signed Integer                 ;
; HITSTUN_FRAMES     ; 14    ; Signed Integer                 ;
; BLOCKSTUN_FRAMES   ; 12    ; Signed Integer                 ;
; STEP_LEFT          ; -2    ; Signed Integer                 ;
; STEP_RIGHT         ; 3     ; Signed Integer                 ;
; LEFT_BOUND         ; 0     ; Signed Integer                 ;
; RIGHT_BOUND        ; 576   ; Signed Integer                 ;
; CHAR_WIDTH         ; 64    ; Signed Integer                 ;
; HURTBOX_MARGIN     ; 8     ; Signed Integer                 ;
+--------------------+-------+--------------------------------+
Note: In order to hide this table in the UI and the text report file, please set the "Show Parameter Settings in Synthesis Report" option in "Analysis and Synthesis Settings -> More Settings" to "Off".


+--------------------------------------------------------------+
; Parameter Settings for User Entity Instance: bot_fsm:ken_bot ;
+--------------------+-------+---------------------------------+
; Parameter Name     ; Value ; Type                            ;
+--------------------+-------+---------------------------------+
; IDLE               ; 0000  ; Unsigned Binary                 ;
; MOVING_L           ; 0001  ; Unsigned Binary                 ;
; MOVING_R           ; 0010  ; Unsigned Binary                 ;
; ATTACK_STARTUP     ; 0011  ; Unsigned Binary                 ;
; ATTACK_ACTIVE      ; 0100  ; Unsigned Binary                 ;
; ATTACK_RECOVER     ; 0101  ; Unsigned Binary                 ;
; DIR_ATTACK_STARTUP ; 0110  ; Unsigned Binary                 ;
; DIR_ATTACK_ACTIVE  ; 0111  ; Unsigned Binary                 ;
; DIR_ATTACK_RECOVER ; 1000  ; Unsigned Binary                 ;
; HITSTUN            ; 1001  ; Unsigned Binary                 ;
; BLOCKSTUN          ; 1010  ; Unsigned Binary                 ;
; LOSE               ; 1011  ; Unsigned Binary                 ;
; STARTUP_FRAMES     ; 4     ; Signed Integer                  ;
; ACTIVE_FRAMES      ; 1     ; Signed Integer                  ;
; RECOVER_FRAMES     ; 15    ; Signed Integer                  ;
; DIR_STARTUP_FRAMES ; 3     ; Signed Integer                  ;
; DIR_ACTIVE_FRAMES  ; 2     ; Signed Integer                  ;
; DIR_RECOVER_FRAMES ; 14    ; Signed Integer                  ;
; HITSTUN_FRAMES     ; 14    ; Signed Integer                  ;
; BLOCKSTUN_FRAMES   ; 12    ; Signed Integer                  ;
; STEP_LEFT          ; -2    ; Signed Integer                  ;
; STEP_RIGHT         ; 3     ; Signed Integer                  ;
; LEFT_BOUND         ; 0     ; Signed Integer                  ;
; RIGHT_BOUND        ; 576   ; Signed Integer                  ;
; CHAR_WIDTH         ; 64    ; Signed Integer                  ;
; BOT_IDLE           ; 000   ; Unsigned Binary                 ;
; BOT_MOVING_L       ; 001   ; Unsigned Binary                 ;
; BOT_MOVING_R       ; 010   ; Unsigned Binary                 ;
; BOT_ATTACK         ; 011   ; Unsigned Binary                 ;
; BOT_MOVE_L_ATK     ; 100   ; Unsigned Binary                 ;
; HURTBOX_MARGIN     ; 8     ; Signed Integer                  ;
+--------------------+-------+---------------------------------+
Note: In order to hide this table in the UI and the text report file, please set the "Show Parameter Settings in Synthesis Report" option in "Analysis and Synthesis Settings -> More Settings" to "Off".


+------------------------------------------------------------------+
; Parameter Settings for User Entity Instance: player2_fsm:ken_fsm ;
+--------------------+-------+-------------------------------------+
; Parameter Name     ; Value ; Type                                ;
+--------------------+-------+-------------------------------------+
; IDLE               ; 0000  ; Unsigned Binary                     ;
; MOVING_L           ; 0001  ; Unsigned Binary                     ;
; MOVING_R           ; 0010  ; Unsigned Binary                     ;
; ATTACK_STARTUP     ; 0011  ; Unsigned Binary                     ;
; ATTACK_ACTIVE      ; 0100  ; Unsigned Binary                     ;
; ATTACK_RECOVER     ; 0101  ; Unsigned Binary                     ;
; DIR_ATTACK_STARTUP ; 0110  ; Unsigned Binary                     ;
; DIR_ATTACK_ACTIVE  ; 0111  ; Unsigned Binary                     ;
; DIR_ATTACK_RECOVER ; 1000  ; Unsigned Binary                     ;
; HITSTUN            ; 1001  ; Unsigned Binary                     ;
; BLOCKSTUN          ; 1010  ; Unsigned Binary                     ;
; LOSE               ; 1011  ; Unsigned Binary                     ;
; STARTUP_FRAMES     ; 4     ; Signed Integer                      ;
; ACTIVE_FRAMES      ; 1     ; Signed Integer                      ;
; RECOVER_FRAMES     ; 15    ; Signed Integer                      ;
; DIR_STARTUP_FRAMES ; 3     ; Signed Integer                      ;
; DIR_ACTIVE_FRAMES  ; 2     ; Signed Integer                      ;
; DIR_RECOVER_FRAMES ; 14    ; Signed Integer                      ;
; HITSTUN_FRAMES     ; 14    ; Signed Integer                      ;
; BLOCKSTUN_FRAMES   ; 12    ; Signed Integer                      ;
; STEP_LEFT          ; -3    ; Signed Integer                      ;
; STEP_RIGHT         ; 2     ; Signed Integer                      ;
; LEFT_BOUND         ; 4     ; Signed Integer                      ;
; RIGHT_BOUND        ; 576   ; Signed Integer                      ;
; CHAR_WIDTH         ; 64    ; Signed Integer                      ;
; HURTBOX_MARGIN     ; 8     ; Signed Integer                      ;
+--------------------+-------+-------------------------------------+
Note: In order to hide this table in the UI and the text report file, please set the "Show Parameter Settings in Synthesis Report" option in "Analysis and Synthesis Settings -> More Settings" to "Off".


+--------------------------------------------------------------------------+
; Parameter Settings for User Entity Instance: hit_detection:hit_detectcik ;
+--------------------+-------+---------------------------------------------+
; Parameter Name     ; Value ; Type                                        ;
+--------------------+-------+---------------------------------------------+
; CHAR_WIDTH         ; 64    ; Signed Integer                              ;
; CHAR_HEIGHT        ; 120   ; Signed Integer                              ;
; CHAR_Y             ; 280   ; Signed Integer                              ;
; IDLE               ; 0000  ; Unsigned Binary                             ;
; MOVING_L           ; 0001  ; Unsigned Binary                             ;
; MOVING_R           ; 0010  ; Unsigned Binary                             ;
; ATTACK_STARTUP     ; 0011  ; Unsigned Binary                             ;
; ATTACK_ACTIVE      ; 0100  ; Unsigned Binary                             ;
; ATTACK_RECOVER     ; 0101  ; Unsigned Binary                             ;
; DIR_ATTACK_STARTUP ; 0110  ; Unsigned Binary                             ;
; DIR_ATTACK_ACTIVE  ; 0111  ; Unsigned Binary                             ;
; DIR_ATTACK_RECOVER ; 1000  ; Unsigned Binary                             ;
; HITSTUN            ; 1001  ; Unsigned Binary                             ;
; BLOCKSTUN          ; 1010  ; Unsigned Binary                             ;
; LOSE               ; 1011  ; Unsigned Binary                             ;
+--------------------+-------+---------------------------------------------+
Note: In order to hide this table in the UI and the text report file, please set the "Show Parameter Settings in Synthesis Report" option in "Analysis and Synthesis Settings -> More Settings" to "Off".


+------------------------------------------------------------------------+
; Parameter Settings for User Entity Instance: character_render:ryu_idle ;
+----------------+-------+-----------------------------------------------+
; Parameter Name ; Value ; Type                                          ;
+----------------+-------+-----------------------------------------------+
; SPRITE_WIDTH   ; 32    ; Signed Integer                                ;
; SPRITE_HEIGHT  ; 120   ; Signed Integer                                ;
+----------------+-------+-----------------------------------------------+
Note: In order to hide this table in the UI and the text report file, please set the "Show Parameter Settings in Synthesis Report" option in "Analysis and Synthesis Settings -> More Settings" to "Off".


+--------------------------------------------------------------------------+
; Parameter Settings for User Entity Instance: character_render:ryu_attack ;
+----------------+-------+-------------------------------------------------+
; Parameter Name ; Value ; Type                                            ;
+----------------+-------+-------------------------------------------------+
; SPRITE_WIDTH   ; 32    ; Signed Integer                                  ;
; SPRITE_HEIGHT  ; 120   ; Signed Integer                                  ;
+----------------+-------+-------------------------------------------------+
Note: In order to hide this table in the UI and the text report file, please set the "Show Parameter Settings in Synthesis Report" option in "Analysis and Synthesis Settings -> More Settings" to "Off".


+------------------------------------------------------------------------------+
; Parameter Settings for User Entity Instance: character_render:ryu_dir_attack ;
+----------------+-------+-----------------------------------------------------+
; Parameter Name ; Value ; Type                                                ;
+----------------+-------+-----------------------------------------------------+
; SPRITE_WIDTH   ; 32    ; Signed Integer                                      ;
; SPRITE_HEIGHT  ; 120   ; Signed Integer                                      ;
+----------------+-------+-----------------------------------------------------+
Note: In order to hide this table in the UI and the text report file, please set the "Show Parameter Settings in Synthesis Report" option in "Analysis and Synthesis Settings -> More Settings" to "Off".


+---------------------------------------------------------------------------+
; Parameter Settings for User Entity Instance: character_render:ryu_hitstun ;
+----------------+-------+--------------------------------------------------+
; Parameter Name ; Value ; Type                                             ;
+----------------+-------+--------------------------------------------------+
; SPRITE_WIDTH   ; 32    ; Signed Integer                                   ;
; SPRITE_HEIGHT  ; 120   ; Signed Integer                                   ;
+----------------+-------+--------------------------------------------------+
Note: In order to hide this table in the UI and the text report file, please set the "Show Parameter Settings in Synthesis Report" option in "Analysis and Synthesis Settings -> More Settings" to "Off".


+-----------------------------------------------------------------------------+
; Parameter Settings for User Entity Instance: character_render:ryu_blockstun ;
+----------------+-------+----------------------------------------------------+
; Parameter Name ; Value ; Type                                               ;
+----------------+-------+----------------------------------------------------+
; SPRITE_WIDTH   ; 32    ; Signed Integer                                     ;
; SPRITE_HEIGHT  ; 120   ; Signed Integer                                     ;
+----------------+-------+----------------------------------------------------+
Note: In order to hide this table in the UI and the text report file, please set the "Show Parameter Settings in Synthesis Report" option in "Analysis and Synthesis Settings -> More Settings" to "Off".


+------------------------------------------------------------------------+
; Parameter Settings for User Entity Instance: character_render:ryu_lose ;
+----------------+-------+-----------------------------------------------+
; Parameter Name ; Value ; Type                                          ;
+----------------+-------+-----------------------------------------------+
; SPRITE_WIDTH   ; 32    ; Signed Integer                                ;
; SPRITE_HEIGHT  ; 120   ; Signed Integer                                ;
+----------------+-------+-----------------------------------------------+
Note: In order to hide this table in the UI and the text report file, please set the "Show Parameter Settings in Synthesis Report" option in "Analysis and Synthesis Settings -> More Settings" to "Off".


+------------------------------------------------------------------------+
; Parameter Settings for User Entity Instance: character_render:ken_idle ;
+----------------+-------+-----------------------------------------------+
; Parameter Name ; Value ; Type                                          ;
+----------------+-------+-----------------------------------------------+
; SPRITE_WIDTH   ; 32    ; Signed Integer                                ;
; SPRITE_HEIGHT  ; 120   ; Signed Integer                                ;
+----------------+-------+-----------------------------------------------+
Note: In order to hide this table in the UI and the text report file, please set the "Show Parameter Settings in Synthesis Report" option in "Analysis and Synthesis Settings -> More Settings" to "Off".


+-------------------------------------------------------------------------------+
; Parameter Settings for User Entity Instance: character_render:ken_attack_inst ;
+----------------+-------+------------------------------------------------------+
; Parameter Name ; Value ; Type                                                 ;
+----------------+-------+------------------------------------------------------+
; SPRITE_WIDTH   ; 32    ; Signed Integer                                       ;
; SPRITE_HEIGHT  ; 120   ; Signed Integer                                       ;
+----------------+-------+------------------------------------------------------+
Note: In order to hide this table in the UI and the text report file, please set the "Show Parameter Settings in Synthesis Report" option in "Analysis and Synthesis Settings -> More Settings" to "Off".


+------------------------------------------------------------------------------+
; Parameter Settings for User Entity Instance: character_render:ken_dir_attack ;
+----------------+-------+-----------------------------------------------------+
; Parameter Name ; Value ; Type                                                ;
+----------------+-------+-----------------------------------------------------+
; SPRITE_WIDTH   ; 32    ; Signed Integer                                      ;
; SPRITE_HEIGHT  ; 120   ; Signed Integer                                      ;
+----------------+-------+-----------------------------------------------------+
Note: In order to hide this table in the UI and the text report file, please set the "Show Parameter Settings in Synthesis Report" option in "Analysis and Synthesis Settings -> More Settings" to "Off".


+---------------------------------------------------------------------------+
; Parameter Settings for User Entity Instance: character_render:ken_hitstun ;
+----------------+-------+--------------------------------------------------+
; Parameter Name ; Value ; Type                                             ;
+----------------+-------+--------------------------------------------------+
; SPRITE_WIDTH   ; 32    ; Signed Integer                                   ;
; SPRITE_HEIGHT  ; 120   ; Signed Integer                                   ;
+----------------+-------+--------------------------------------------------+
Note: In order to hide this table in the UI and the text report file, please set the "Show Parameter Settings in Synthesis Report" option in "Analysis and Synthesis Settings -> More Settings" to "Off".


+-----------------------------------------------------------------------------+
; Parameter Settings for User Entity Instance: character_render:ken_blockstun ;
+----------------+-------+----------------------------------------------------+
; Parameter Name ; Value ; Type                                               ;
+----------------+-------+----------------------------------------------------+
; SPRITE_WIDTH   ; 32    ; Signed Integer                                     ;
; SPRITE_HEIGHT  ; 120   ; Signed Integer                                     ;
+----------------+-------+----------------------------------------------------+
Note: In order to hide this table in the UI and the text report file, please set the "Show Parameter Settings in Synthesis Report" option in "Analysis and Synthesis Settings -> More Settings" to "Off".


+-------------------------------------------------------------------------+
; Parameter Settings for User Entity Instance: background:background_inst ;
+----------------+-------+------------------------------------------------+
; Parameter Name ; Value ; Type                                           ;
+----------------+-------+------------------------------------------------+
; IMAGE_WIDTH    ; 160   ; Signed Integer                                 ;
; IMAGE_HEIGHT   ; 120   ; Signed Integer                                 ;
; SCALE_FACTOR   ; 2     ; Signed Integer                                 ;
; MEM_SIZE       ; 19200 ; Signed Integer                                 ;
+----------------+-------+------------------------------------------------+
Note: In order to hide this table in the UI and the text report file, please set the "Show Parameter Settings in Synthesis Report" option in "Analysis and Synthesis Settings -> More Settings" to "Off".


+------------------------------------------------------------------------+
; Parameter Settings for User Entity Instance: character_render:ken_lose ;
+----------------+-------+-----------------------------------------------+
; Parameter Name ; Value ; Type                                          ;
+----------------+-------+-----------------------------------------------+
; SPRITE_WIDTH   ; 32    ; Signed Integer                                ;
; SPRITE_HEIGHT  ; 120   ; Signed Integer                                ;
+----------------+-------+-----------------------------------------------+
Note: In order to hide this table in the UI and the text report file, please set the "Show Parameter Settings in Synthesis Report" option in "Analysis and Synthesis Settings -> More Settings" to "Off".


+----------------------------------------------------------------------------------------------------------+
; Parameter Settings for Inferred Entity Instance: character_render:ken_lose|altsyncram:ken_lose_rom_rtl_0 ;
+------------------------------------+-------------------------------------------------+-------------------+
; Parameter Name                     ; Value                                           ; Type              ;
+------------------------------------+-------------------------------------------------+-------------------+
; BYTE_SIZE_BLOCK                    ; 8                                               ; Untyped           ;
; AUTO_CARRY_CHAINS                  ; ON                                              ; AUTO_CARRY        ;
; IGNORE_CARRY_BUFFERS               ; OFF                                             ; IGNORE_CARRY      ;
; AUTO_CASCADE_CHAINS                ; ON                                              ; AUTO_CASCADE      ;
; IGNORE_CASCADE_BUFFERS             ; OFF                                             ; IGNORE_CASCADE    ;
; WIDTH_BYTEENA                      ; 1                                               ; Untyped           ;
; OPERATION_MODE                     ; ROM                                             ; Untyped           ;
; WIDTH_A                            ; 8                                               ; Untyped           ;
; WIDTHAD_A                          ; 12                                              ; Untyped           ;
; NUMWORDS_A                         ; 3840                                            ; Untyped           ;
; OUTDATA_REG_A                      ; UNREGISTERED                                    ; Untyped           ;
; ADDRESS_ACLR_A                     ; NONE                                            ; Untyped           ;
; OUTDATA_ACLR_A                     ; NONE                                            ; Untyped           ;
; WRCONTROL_ACLR_A                   ; NONE                                            ; Untyped           ;
; INDATA_ACLR_A                      ; NONE                                            ; Untyped           ;
; BYTEENA_ACLR_A                     ; NONE                                            ; Untyped           ;
; WIDTH_B                            ; 1                                               ; Untyped           ;
; WIDTHAD_B                          ; 1                                               ; Untyped           ;
; NUMWORDS_B                         ; 1                                               ; Untyped           ;
; INDATA_REG_B                       ; CLOCK1                                          ; Untyped           ;
; WRCONTROL_WRADDRESS_REG_B          ; CLOCK1                                          ; Untyped           ;
; RDCONTROL_REG_B                    ; CLOCK1                                          ; Untyped           ;
; ADDRESS_REG_B                      ; CLOCK1                                          ; Untyped           ;
; OUTDATA_REG_B                      ; UNREGISTERED                                    ; Untyped           ;
; BYTEENA_REG_B                      ; CLOCK1                                          ; Untyped           ;
; INDATA_ACLR_B                      ; NONE                                            ; Untyped           ;
; WRCONTROL_ACLR_B                   ; NONE                                            ; Untyped           ;
; ADDRESS_ACLR_B                     ; NONE                                            ; Untyped           ;
; OUTDATA_ACLR_B                     ; NONE                                            ; Untyped           ;
; RDCONTROL_ACLR_B                   ; NONE                                            ; Untyped           ;
; BYTEENA_ACLR_B                     ; NONE                                            ; Untyped           ;
; WIDTH_BYTEENA_A                    ; 1                                               ; Untyped           ;
; WIDTH_BYTEENA_B                    ; 1                                               ; Untyped           ;
; RAM_BLOCK_TYPE                     ; AUTO                                            ; Untyped           ;
; BYTE_SIZE                          ; 8                                               ; Untyped           ;
; READ_DURING_WRITE_MODE_MIXED_PORTS ; DONT_CARE                                       ; Untyped           ;
; READ_DURING_WRITE_MODE_PORT_A      ; NEW_DATA_NO_NBE_READ                            ; Untyped           ;
; READ_DURING_WRITE_MODE_PORT_B      ; NEW_DATA_NO_NBE_READ                            ; Untyped           ;
; INIT_FILE                          ; db/game.ram11_character_render_5cbc1fe7.hdl.mif ; Untyped           ;
; INIT_FILE_LAYOUT                   ; PORT_A                                          ; Untyped           ;
; MAXIMUM_DEPTH                      ; 0                                               ; Untyped           ;
; CLOCK_ENABLE_INPUT_A               ; NORMAL                                          ; Untyped           ;
; CLOCK_ENABLE_INPUT_B               ; NORMAL                                          ; Untyped           ;
; CLOCK_ENABLE_OUTPUT_A              ; NORMAL                                          ; Untyped           ;
; CLOCK_ENABLE_OUTPUT_B              ; NORMAL                                          ; Untyped           ;
; CLOCK_ENABLE_CORE_A                ; USE_INPUT_CLKEN                                 ; Untyped           ;
; CLOCK_ENABLE_CORE_B                ; USE_INPUT_CLKEN                                 ; Untyped           ;
; ENABLE_ECC                         ; FALSE                                           ; Untyped           ;
; ECC_PIPELINE_STAGE_ENABLED         ; FALSE                                           ; Untyped           ;
; WIDTH_ECCSTATUS                    ; 3                                               ; Untyped           ;
; DEVICE_FAMILY                      ; Cyclone V                                       ; Untyped           ;
; CBXI_PARAMETER                     ; altsyncram_aoe1                                 ; Untyped           ;
+------------------------------------+-------------------------------------------------+-------------------+
Note: In order to hide this table in the UI and the text report file, please set the "Show Parameter Settings in Synthesis Report" option in "Analysis and Synthesis Settings -> More Settings" to "Off".


+----------------------------------------------------------------------------------------------------------------+
; Parameter Settings for Inferred Entity Instance: character_render:ken_blockstun|altsyncram:ken_block_rom_rtl_0 ;
+------------------------------------+------------------------------------------------+--------------------------+
; Parameter Name                     ; Value                                          ; Type                     ;
+------------------------------------+------------------------------------------------+--------------------------+
; BYTE_SIZE_BLOCK                    ; 8                                              ; Untyped                  ;
; AUTO_CARRY_CHAINS                  ; ON                                             ; AUTO_CARRY               ;
; IGNORE_CARRY_BUFFERS               ; OFF                                            ; IGNORE_CARRY             ;
; AUTO_CASCADE_CHAINS                ; ON                                             ; AUTO_CASCADE             ;
; IGNORE_CASCADE_BUFFERS             ; OFF                                            ; IGNORE_CASCADE           ;
; WIDTH_BYTEENA                      ; 1                                              ; Untyped                  ;
; OPERATION_MODE                     ; ROM                                            ; Untyped                  ;
; WIDTH_A                            ; 8                                              ; Untyped                  ;
; WIDTHAD_A                          ; 12                                             ; Untyped                  ;
; NUMWORDS_A                         ; 3840                                           ; Untyped                  ;
; OUTDATA_REG_A                      ; UNREGISTERED                                   ; Untyped                  ;
; ADDRESS_ACLR_A                     ; NONE                                           ; Untyped                  ;
; OUTDATA_ACLR_A                     ; NONE                                           ; Untyped                  ;
; WRCONTROL_ACLR_A                   ; NONE                                           ; Untyped                  ;
; INDATA_ACLR_A                      ; NONE                                           ; Untyped                  ;
; BYTEENA_ACLR_A                     ; NONE                                           ; Untyped                  ;
; WIDTH_B                            ; 1                                              ; Untyped                  ;
; WIDTHAD_B                          ; 1                                              ; Untyped                  ;
; NUMWORDS_B                         ; 1                                              ; Untyped                  ;
; INDATA_REG_B                       ; CLOCK1                                         ; Untyped                  ;
; WRCONTROL_WRADDRESS_REG_B          ; CLOCK1                                         ; Untyped                  ;
; RDCONTROL_REG_B                    ; CLOCK1                                         ; Untyped                  ;
; ADDRESS_REG_B                      ; CLOCK1                                         ; Untyped                  ;
; OUTDATA_REG_B                      ; UNREGISTERED                                   ; Untyped                  ;
; BYTEENA_REG_B                      ; CLOCK1                                         ; Untyped                  ;
; INDATA_ACLR_B                      ; NONE                                           ; Untyped                  ;
; WRCONTROL_ACLR_B                   ; NONE                                           ; Untyped                  ;
; ADDRESS_ACLR_B                     ; NONE                                           ; Untyped                  ;
; OUTDATA_ACLR_B                     ; NONE                                           ; Untyped                  ;
; RDCONTROL_ACLR_B                   ; NONE                                           ; Untyped                  ;
; BYTEENA_ACLR_B                     ; NONE                                           ; Untyped                  ;
; WIDTH_BYTEENA_A                    ; 1                                              ; Untyped                  ;
; WIDTH_BYTEENA_B                    ; 1                                              ; Untyped                  ;
; RAM_BLOCK_TYPE                     ; AUTO                                           ; Untyped                  ;
; BYTE_SIZE                          ; 8                                              ; Untyped                  ;
; READ_DURING_WRITE_MODE_MIXED_PORTS ; DONT_CARE                                      ; Untyped                  ;
; READ_DURING_WRITE_MODE_PORT_A      ; NEW_DATA_NO_NBE_READ                           ; Untyped                  ;
; READ_DURING_WRITE_MODE_PORT_B      ; NEW_DATA_NO_NBE_READ                           ; Untyped                  ;
; INIT_FILE                          ; db/game.ram8_character_render_5cbc1fe7.hdl.mif ; Untyped                  ;
; INIT_FILE_LAYOUT                   ; PORT_A                                         ; Untyped                  ;
; MAXIMUM_DEPTH                      ; 0                                              ; Untyped                  ;
; CLOCK_ENABLE_INPUT_A               ; NORMAL                                         ; Untyped                  ;
; CLOCK_ENABLE_INPUT_B               ; NORMAL                                         ; Untyped                  ;
; CLOCK_ENABLE_OUTPUT_A              ; NORMAL                                         ; Untyped                  ;
; CLOCK_ENABLE_OUTPUT_B              ; NORMAL                                         ; Untyped                  ;
; CLOCK_ENABLE_CORE_A                ; USE_INPUT_CLKEN                                ; Untyped                  ;
; CLOCK_ENABLE_CORE_B                ; USE_INPUT_CLKEN                                ; Untyped                  ;
; ENABLE_ECC                         ; FALSE                                          ; Untyped                  ;
; ECC_PIPELINE_STAGE_ENABLED         ; FALSE                                          ; Untyped                  ;
; WIDTH_ECCSTATUS                    ; 3                                              ; Untyped                  ;
; DEVICE_FAMILY                      ; Cyclone V                                      ; Untyped                  ;
; CBXI_PARAMETER                     ; altsyncram_0ne1                                ; Untyped                  ;
+------------------------------------+------------------------------------------------+--------------------------+
Note: In order to hide this table in the UI and the text report file, please set the "Show Parameter Settings in Synthesis Report" option in "Analysis and Synthesis Settings -> More Settings" to "Off".


+-------------------------------------------------------------------------------------------------------------+
; Parameter Settings for Inferred Entity Instance: character_render:ken_hitstun|altsyncram:ken_stun_rom_rtl_0 ;
+------------------------------------+-------------------------------------------------+----------------------+
; Parameter Name                     ; Value                                           ; Type                 ;
+------------------------------------+-------------------------------------------------+----------------------+
; BYTE_SIZE_BLOCK                    ; 8                                               ; Untyped              ;
; AUTO_CARRY_CHAINS                  ; ON                                              ; AUTO_CARRY           ;
; IGNORE_CARRY_BUFFERS               ; OFF                                             ; IGNORE_CARRY         ;
; AUTO_CASCADE_CHAINS                ; ON                                              ; AUTO_CASCADE         ;
; IGNORE_CASCADE_BUFFERS             ; OFF                                             ; IGNORE_CASCADE       ;
; WIDTH_BYTEENA                      ; 1                                               ; Untyped              ;
; OPERATION_MODE                     ; ROM                                             ; Untyped              ;
; WIDTH_A                            ; 8                                               ; Untyped              ;
; WIDTHAD_A                          ; 12                                              ; Untyped              ;
; NUMWORDS_A                         ; 3840                                            ; Untyped              ;
; OUTDATA_REG_A                      ; UNREGISTERED                                    ; Untyped              ;
; ADDRESS_ACLR_A                     ; NONE                                            ; Untyped              ;
; OUTDATA_ACLR_A                     ; NONE                                            ; Untyped              ;
; WRCONTROL_ACLR_A                   ; NONE                                            ; Untyped              ;
; INDATA_ACLR_A                      ; NONE                                            ; Untyped              ;
; BYTEENA_ACLR_A                     ; NONE                                            ; Untyped              ;
; WIDTH_B                            ; 1                                               ; Untyped              ;
; WIDTHAD_B                          ; 1                                               ; Untyped              ;
; NUMWORDS_B                         ; 1                                               ; Untyped              ;
; INDATA_REG_B                       ; CLOCK1                                          ; Untyped              ;
; WRCONTROL_WRADDRESS_REG_B          ; CLOCK1                                          ; Untyped              ;
; RDCONTROL_REG_B                    ; CLOCK1                                          ; Untyped              ;
; ADDRESS_REG_B                      ; CLOCK1                                          ; Untyped              ;
; OUTDATA_REG_B                      ; UNREGISTERED                                    ; Untyped              ;
; BYTEENA_REG_B                      ; CLOCK1                                          ; Untyped              ;
; INDATA_ACLR_B                      ; NONE                                            ; Untyped              ;
; WRCONTROL_ACLR_B                   ; NONE                                            ; Untyped              ;
; ADDRESS_ACLR_B                     ; NONE                                            ; Untyped              ;
; OUTDATA_ACLR_B                     ; NONE                                            ; Untyped              ;
; RDCONTROL_ACLR_B                   ; NONE                                            ; Untyped              ;
; BYTEENA_ACLR_B                     ; NONE                                            ; Untyped              ;
; WIDTH_BYTEENA_A                    ; 1                                               ; Untyped              ;
; WIDTH_BYTEENA_B                    ; 1                                               ; Untyped              ;
; RAM_BLOCK_TYPE                     ; AUTO                                            ; Untyped              ;
; BYTE_SIZE                          ; 8                                               ; Untyped              ;
; READ_DURING_WRITE_MODE_MIXED_PORTS ; DONT_CARE                                       ; Untyped              ;
; READ_DURING_WRITE_MODE_PORT_A      ; NEW_DATA_NO_NBE_READ                            ; Untyped              ;
; READ_DURING_WRITE_MODE_PORT_B      ; NEW_DATA_NO_NBE_READ                            ; Untyped              ;
; INIT_FILE                          ; db/game.ram10_character_render_5cbc1fe7.hdl.mif ; Untyped              ;
; INIT_FILE_LAYOUT                   ; PORT_A                                          ; Untyped              ;
; MAXIMUM_DEPTH                      ; 0                                               ; Untyped              ;
; CLOCK_ENABLE_INPUT_A               ; NORMAL                                          ; Untyped              ;
; CLOCK_ENABLE_INPUT_B               ; NORMAL                                          ; Untyped              ;
; CLOCK_ENABLE_OUTPUT_A              ; NORMAL                                          ; Untyped              ;
; CLOCK_ENABLE_OUTPUT_B              ; NORMAL                                          ; Untyped              ;
; CLOCK_ENABLE_CORE_A                ; USE_INPUT_CLKEN                                 ; Untyped              ;
; CLOCK_ENABLE_CORE_B                ; USE_INPUT_CLKEN                                 ; Untyped              ;
; ENABLE_ECC                         ; FALSE                                           ; Untyped              ;
; ECC_PIPELINE_STAGE_ENABLED         ; FALSE                                           ; Untyped              ;
; WIDTH_ECCSTATUS                    ; 3                                               ; Untyped              ;
; DEVICE_FAMILY                      ; Cyclone V                                       ; Untyped              ;
; CBXI_PARAMETER                     ; altsyncram_9oe1                                 ; Untyped              ;
+------------------------------------+-------------------------------------------------+----------------------+
Note: In order to hide this table in the UI and the text report file, please set the "Show Parameter Settings in Synthesis Report" option in "Analysis and Synthesis Settings -> More Settings" to "Off".


+----------------------------------------------------------------------------------------------------------------------+
; Parameter Settings for Inferred Entity Instance: character_render:ken_dir_attack|altsyncram:ken_dir_attack_rom_rtl_0 ;
+------------------------------------+------------------------------------------------+--------------------------------+
; Parameter Name                     ; Value                                          ; Type                           ;
+------------------------------------+------------------------------------------------+--------------------------------+
; BYTE_SIZE_BLOCK                    ; 8                                              ; Untyped                        ;
; AUTO_CARRY_CHAINS                  ; ON                                             ; AUTO_CARRY                     ;
; IGNORE_CARRY_BUFFERS               ; OFF                                            ; IGNORE_CARRY                   ;
; AUTO_CASCADE_CHAINS                ; ON                                             ; AUTO_CASCADE                   ;
; IGNORE_CASCADE_BUFFERS             ; OFF                                            ; IGNORE_CASCADE                 ;
; WIDTH_BYTEENA                      ; 1                                              ; Untyped                        ;
; OPERATION_MODE                     ; ROM                                            ; Untyped                        ;
; WIDTH_A                            ; 8                                              ; Untyped                        ;
; WIDTHAD_A                          ; 12                                             ; Untyped                        ;
; NUMWORDS_A                         ; 3840                                           ; Untyped                        ;
; OUTDATA_REG_A                      ; UNREGISTERED                                   ; Untyped                        ;
; ADDRESS_ACLR_A                     ; NONE                                           ; Untyped                        ;
; OUTDATA_ACLR_A                     ; NONE                                           ; Untyped                        ;
; WRCONTROL_ACLR_A                   ; NONE                                           ; Untyped                        ;
; INDATA_ACLR_A                      ; NONE                                           ; Untyped                        ;
; BYTEENA_ACLR_A                     ; NONE                                           ; Untyped                        ;
; WIDTH_B                            ; 1                                              ; Untyped                        ;
; WIDTHAD_B                          ; 1                                              ; Untyped                        ;
; NUMWORDS_B                         ; 1                                              ; Untyped                        ;
; INDATA_REG_B                       ; CLOCK1                                         ; Untyped                        ;
; WRCONTROL_WRADDRESS_REG_B          ; CLOCK1                                         ; Untyped                        ;
; RDCONTROL_REG_B                    ; CLOCK1                                         ; Untyped                        ;
; ADDRESS_REG_B                      ; CLOCK1                                         ; Untyped                        ;
; OUTDATA_REG_B                      ; UNREGISTERED                                   ; Untyped                        ;
; BYTEENA_REG_B                      ; CLOCK1                                         ; Untyped                        ;
; INDATA_ACLR_B                      ; NONE                                           ; Untyped                        ;
; WRCONTROL_ACLR_B                   ; NONE                                           ; Untyped                        ;
; ADDRESS_ACLR_B                     ; NONE                                           ; Untyped                        ;
; OUTDATA_ACLR_B                     ; NONE                                           ; Untyped                        ;
; RDCONTROL_ACLR_B                   ; NONE                                           ; Untyped                        ;
; BYTEENA_ACLR_B                     ; NONE                                           ; Untyped                        ;
; WIDTH_BYTEENA_A                    ; 1                                              ; Untyped                        ;
; WIDTH_BYTEENA_B                    ; 1                                              ; Untyped                        ;
; RAM_BLOCK_TYPE                     ; AUTO                                           ; Untyped                        ;
; BYTE_SIZE                          ; 8                                              ; Untyped                        ;
; READ_DURING_WRITE_MODE_MIXED_PORTS ; DONT_CARE                                      ; Untyped                        ;
; READ_DURING_WRITE_MODE_PORT_A      ; NEW_DATA_NO_NBE_READ                           ; Untyped                        ;
; READ_DURING_WRITE_MODE_PORT_B      ; NEW_DATA_NO_NBE_READ                           ; Untyped                        ;
; INIT_FILE                          ; db/game.ram9_character_render_5cbc1fe7.hdl.mif ; Untyped                        ;
; INIT_FILE_LAYOUT                   ; PORT_A                                         ; Untyped                        ;
; MAXIMUM_DEPTH                      ; 0                                              ; Untyped                        ;
; CLOCK_ENABLE_INPUT_A               ; NORMAL                                         ; Untyped                        ;
; CLOCK_ENABLE_INPUT_B               ; NORMAL                                         ; Untyped                        ;
; CLOCK_ENABLE_OUTPUT_A              ; NORMAL                                         ; Untyped                        ;
; CLOCK_ENABLE_OUTPUT_B              ; NORMAL                                         ; Untyped                        ;
; CLOCK_ENABLE_CORE_A                ; USE_INPUT_CLKEN                                ; Untyped                        ;
; CLOCK_ENABLE_CORE_B                ; USE_INPUT_CLKEN                                ; Untyped                        ;
; ENABLE_ECC                         ; FALSE                                          ; Untyped                        ;
; ECC_PIPELINE_STAGE_ENABLED         ; FALSE                                          ; Untyped                        ;
; WIDTH_ECCSTATUS                    ; 3                                              ; Untyped                        ;
; DEVICE_FAMILY                      ; Cyclone V                                      ; Untyped                        ;
; CBXI_PARAMETER                     ; altsyncram_1ne1                                ; Untyped                        ;
+------------------------------------+------------------------------------------------+--------------------------------+
Note: In order to hide this table in the UI and the text report file, please set the "Show Parameter Settings in Synthesis Report" option in "Analysis and Synthesis Settings -> More Settings" to "Off".


+-------------------------------------------------------------------------------------------------------------------+
; Parameter Settings for Inferred Entity Instance: character_render:ken_attack_inst|altsyncram:ken_attack_rom_rtl_0 ;
+------------------------------------+------------------------------------------------+-----------------------------+
; Parameter Name                     ; Value                                          ; Type                        ;
+------------------------------------+------------------------------------------------+-----------------------------+
; BYTE_SIZE_BLOCK                    ; 8                                              ; Untyped                     ;
; AUTO_CARRY_CHAINS                  ; ON                                             ; AUTO_CARRY                  ;
; IGNORE_CARRY_BUFFERS               ; OFF                                            ; IGNORE_CARRY                ;
; AUTO_CASCADE_CHAINS                ; ON                                             ; AUTO_CASCADE                ;
; IGNORE_CASCADE_BUFFERS             ; OFF                                            ; IGNORE_CASCADE              ;
; WIDTH_BYTEENA                      ; 1                                              ; Untyped                     ;
; OPERATION_MODE                     ; ROM                                            ; Untyped                     ;
; WIDTH_A                            ; 8                                              ; Untyped                     ;
; WIDTHAD_A                          ; 12                                             ; Untyped                     ;
; NUMWORDS_A                         ; 3840                                           ; Untyped                     ;
; OUTDATA_REG_A                      ; UNREGISTERED                                   ; Untyped                     ;
; ADDRESS_ACLR_A                     ; NONE                                           ; Untyped                     ;
; OUTDATA_ACLR_A                     ; NONE                                           ; Untyped                     ;
; WRCONTROL_ACLR_A                   ; NONE                                           ; Untyped                     ;
; INDATA_ACLR_A                      ; NONE                                           ; Untyped                     ;
; BYTEENA_ACLR_A                     ; NONE                                           ; Untyped                     ;
; WIDTH_B                            ; 1                                              ; Untyped                     ;
; WIDTHAD_B                          ; 1                                              ; Untyped                     ;
; NUMWORDS_B                         ; 1                                              ; Untyped                     ;
; INDATA_REG_B                       ; CLOCK1                                         ; Untyped                     ;
; WRCONTROL_WRADDRESS_REG_B          ; CLOCK1                                         ; Untyped                     ;
; RDCONTROL_REG_B                    ; CLOCK1                                         ; Untyped                     ;
; ADDRESS_REG_B                      ; CLOCK1                                         ; Untyped                     ;
; OUTDATA_REG_B                      ; UNREGISTERED                                   ; Untyped                     ;
; BYTEENA_REG_B                      ; CLOCK1                                         ; Untyped                     ;
; INDATA_ACLR_B                      ; NONE                                           ; Untyped                     ;
; WRCONTROL_ACLR_B                   ; NONE                                           ; Untyped                     ;
; ADDRESS_ACLR_B                     ; NONE                                           ; Untyped                     ;
; OUTDATA_ACLR_B                     ; NONE                                           ; Untyped                     ;
; RDCONTROL_ACLR_B                   ; NONE                                           ; Untyped                     ;
; BYTEENA_ACLR_B                     ; NONE                                           ; Untyped                     ;
; WIDTH_BYTEENA_A                    ; 1                                              ; Untyped                     ;
; WIDTH_BYTEENA_B                    ; 1                                              ; Untyped                     ;
; RAM_BLOCK_TYPE                     ; AUTO                                           ; Untyped                     ;
; BYTE_SIZE                          ; 8                                              ; Untyped                     ;
; READ_DURING_WRITE_MODE_MIXED_PORTS ; DONT_CARE                                      ; Untyped                     ;
; READ_DURING_WRITE_MODE_PORT_A      ; NEW_DATA_NO_NBE_READ                           ; Untyped                     ;
; READ_DURING_WRITE_MODE_PORT_B      ; NEW_DATA_NO_NBE_READ                           ; Untyped                     ;
; INIT_FILE                          ; db/game.ram7_character_render_5cbc1fe7.hdl.mif ; Untyped                     ;
; INIT_FILE_LAYOUT                   ; PORT_A                                         ; Untyped                     ;
; MAXIMUM_DEPTH                      ; 0                                              ; Untyped                     ;
; CLOCK_ENABLE_INPUT_A               ; NORMAL                                         ; Untyped                     ;
; CLOCK_ENABLE_INPUT_B               ; NORMAL                                         ; Untyped                     ;
; CLOCK_ENABLE_OUTPUT_A              ; NORMAL                                         ; Untyped                     ;
; CLOCK_ENABLE_OUTPUT_B              ; NORMAL                                         ; Untyped                     ;
; CLOCK_ENABLE_CORE_A                ; USE_INPUT_CLKEN                                ; Untyped                     ;
; CLOCK_ENABLE_CORE_B                ; USE_INPUT_CLKEN                                ; Untyped                     ;
; ENABLE_ECC                         ; FALSE                                          ; Untyped                     ;
; ECC_PIPELINE_STAGE_ENABLED         ; FALSE                                          ; Untyped                     ;
; WIDTH_ECCSTATUS                    ; 3                                              ; Untyped                     ;
; DEVICE_FAMILY                      ; Cyclone V                                      ; Untyped                     ;
; CBXI_PARAMETER                     ; altsyncram_vme1                                ; Untyped                     ;
+------------------------------------+------------------------------------------------+-----------------------------+
Note: In order to hide this table in the UI and the text report file, please set the "Show Parameter Settings in Synthesis Report" option in "Analysis and Synthesis Settings -> More Settings" to "Off".


+----------------------------------------------------------------------------------------------------------+
; Parameter Settings for Inferred Entity Instance: character_render:ken_idle|altsyncram:ken_idle_rom_rtl_0 ;
+------------------------------------+------------------------------------------------+--------------------+
; Parameter Name                     ; Value                                          ; Type               ;
+------------------------------------+------------------------------------------------+--------------------+
; BYTE_SIZE_BLOCK                    ; 8                                              ; Untyped            ;
; AUTO_CARRY_CHAINS                  ; ON                                             ; AUTO_CARRY         ;
; IGNORE_CARRY_BUFFERS               ; OFF                                            ; IGNORE_CARRY       ;
; AUTO_CASCADE_CHAINS                ; ON                                             ; AUTO_CASCADE       ;
; IGNORE_CASCADE_BUFFERS             ; OFF                                            ; IGNORE_CASCADE     ;
; WIDTH_BYTEENA                      ; 1                                              ; Untyped            ;
; OPERATION_MODE                     ; ROM                                            ; Untyped            ;
; WIDTH_A                            ; 8                                              ; Untyped            ;
; WIDTHAD_A                          ; 12                                             ; Untyped            ;
; NUMWORDS_A                         ; 3840                                           ; Untyped            ;
; OUTDATA_REG_A                      ; UNREGISTERED                                   ; Untyped            ;
; ADDRESS_ACLR_A                     ; NONE                                           ; Untyped            ;
; OUTDATA_ACLR_A                     ; NONE                                           ; Untyped            ;
; WRCONTROL_ACLR_A                   ; NONE                                           ; Untyped            ;
; INDATA_ACLR_A                      ; NONE                                           ; Untyped            ;
; BYTEENA_ACLR_A                     ; NONE                                           ; Untyped            ;
; WIDTH_B                            ; 1                                              ; Untyped            ;
; WIDTHAD_B                          ; 1                                              ; Untyped            ;
; NUMWORDS_B                         ; 1                                              ; Untyped            ;
; INDATA_REG_B                       ; CLOCK1                                         ; Untyped            ;
; WRCONTROL_WRADDRESS_REG_B          ; CLOCK1                                         ; Untyped            ;
; RDCONTROL_REG_B                    ; CLOCK1                                         ; Untyped            ;
; ADDRESS_REG_B                      ; CLOCK1                                         ; Untyped            ;
; OUTDATA_REG_B                      ; UNREGISTERED                                   ; Untyped            ;
; BYTEENA_REG_B                      ; CLOCK1                                         ; Untyped            ;
; INDATA_ACLR_B                      ; NONE                                           ; Untyped            ;
; WRCONTROL_ACLR_B                   ; NONE                                           ; Untyped            ;
; ADDRESS_ACLR_B                     ; NONE                                           ; Untyped            ;
; OUTDATA_ACLR_B                     ; NONE                                           ; Untyped            ;
; RDCONTROL_ACLR_B                   ; NONE                                           ; Untyped            ;
; BYTEENA_ACLR_B                     ; NONE                                           ; Untyped            ;
; WIDTH_BYTEENA_A                    ; 1                                              ; Untyped            ;
; WIDTH_BYTEENA_B                    ; 1                                              ; Untyped            ;
; RAM_BLOCK_TYPE                     ; AUTO                                           ; Untyped            ;
; BYTE_SIZE                          ; 8                                              ; Untyped            ;
; READ_DURING_WRITE_MODE_MIXED_PORTS ; DONT_CARE                                      ; Untyped            ;
; READ_DURING_WRITE_MODE_PORT_A      ; NEW_DATA_NO_NBE_READ                           ; Untyped            ;
; READ_DURING_WRITE_MODE_PORT_B      ; NEW_DATA_NO_NBE_READ                           ; Untyped            ;
; INIT_FILE                          ; db/game.ram6_character_render_5cbc1fe7.hdl.mif ; Untyped            ;
; INIT_FILE_LAYOUT                   ; PORT_A                                         ; Untyped            ;
; MAXIMUM_DEPTH                      ; 0                                              ; Untyped            ;
; CLOCK_ENABLE_INPUT_A               ; NORMAL                                         ; Untyped            ;
; CLOCK_ENABLE_INPUT_B               ; NORMAL                                         ; Untyped            ;
; CLOCK_ENABLE_OUTPUT_A              ; NORMAL                                         ; Untyped            ;
; CLOCK_ENABLE_OUTPUT_B              ; NORMAL                                         ; Untyped            ;
; CLOCK_ENABLE_CORE_A                ; USE_INPUT_CLKEN                                ; Untyped            ;
; CLOCK_ENABLE_CORE_B                ; USE_INPUT_CLKEN                                ; Untyped            ;
; ENABLE_ECC                         ; FALSE                                          ; Untyped            ;
; ECC_PIPELINE_STAGE_ENABLED         ; FALSE                                          ; Untyped            ;
; WIDTH_ECCSTATUS                    ; 3                                              ; Untyped            ;
; DEVICE_FAMILY                      ; Cyclone V                                      ; Untyped            ;
; CBXI_PARAMETER                     ; altsyncram_ume1                                ; Untyped            ;
+------------------------------------+------------------------------------------------+--------------------+
Note: In order to hide this table in the UI and the text report file, please set the "Show Parameter Settings in Synthesis Report" option in "Analysis and Synthesis Settings -> More Settings" to "Off".


+----------------------------------------------------------------------------------------------------------+
; Parameter Settings for Inferred Entity Instance: character_render:ryu_lose|altsyncram:ryu_lose_rom_rtl_0 ;
+------------------------------------+------------------------------------------------+--------------------+
; Parameter Name                     ; Value                                          ; Type               ;
+------------------------------------+------------------------------------------------+--------------------+
; BYTE_SIZE_BLOCK                    ; 8                                              ; Untyped            ;
; AUTO_CARRY_CHAINS                  ; ON                                             ; AUTO_CARRY         ;
; IGNORE_CARRY_BUFFERS               ; OFF                                            ; IGNORE_CARRY       ;
; AUTO_CASCADE_CHAINS                ; ON                                             ; AUTO_CASCADE       ;
; IGNORE_CASCADE_BUFFERS             ; OFF                                            ; IGNORE_CASCADE     ;
; WIDTH_BYTEENA                      ; 1                                              ; Untyped            ;
; OPERATION_MODE                     ; ROM                                            ; Untyped            ;
; WIDTH_A                            ; 8                                              ; Untyped            ;
; WIDTHAD_A                          ; 12                                             ; Untyped            ;
; NUMWORDS_A                         ; 3840                                           ; Untyped            ;
; OUTDATA_REG_A                      ; UNREGISTERED                                   ; Untyped            ;
; ADDRESS_ACLR_A                     ; NONE                                           ; Untyped            ;
; OUTDATA_ACLR_A                     ; NONE                                           ; Untyped            ;
; WRCONTROL_ACLR_A                   ; NONE                                           ; Untyped            ;
; INDATA_ACLR_A                      ; NONE                                           ; Untyped            ;
; BYTEENA_ACLR_A                     ; NONE                                           ; Untyped            ;
; WIDTH_B                            ; 1                                              ; Untyped            ;
; WIDTHAD_B                          ; 1                                              ; Untyped            ;
; NUMWORDS_B                         ; 1                                              ; Untyped            ;
; INDATA_REG_B                       ; CLOCK1                                         ; Untyped            ;
; WRCONTROL_WRADDRESS_REG_B          ; CLOCK1                                         ; Untyped            ;
; RDCONTROL_REG_B                    ; CLOCK1                                         ; Untyped            ;
; ADDRESS_REG_B                      ; CLOCK1                                         ; Untyped            ;
; OUTDATA_REG_B                      ; UNREGISTERED                                   ; Untyped            ;
; BYTEENA_REG_B                      ; CLOCK1                                         ; Untyped            ;
; INDATA_ACLR_B                      ; NONE                                           ; Untyped            ;
; WRCONTROL_ACLR_B                   ; NONE                                           ; Untyped            ;
; ADDRESS_ACLR_B                     ; NONE                                           ; Untyped            ;
; OUTDATA_ACLR_B                     ; NONE                                           ; Untyped            ;
; RDCONTROL_ACLR_B                   ; NONE                                           ; Untyped            ;
; BYTEENA_ACLR_B                     ; NONE                                           ; Untyped            ;
; WIDTH_BYTEENA_A                    ; 1                                              ; Untyped            ;
; WIDTH_BYTEENA_B                    ; 1                                              ; Untyped            ;
; RAM_BLOCK_TYPE                     ; AUTO                                           ; Untyped            ;
; BYTE_SIZE                          ; 8                                              ; Untyped            ;
; READ_DURING_WRITE_MODE_MIXED_PORTS ; DONT_CARE                                      ; Untyped            ;
; READ_DURING_WRITE_MODE_PORT_A      ; NEW_DATA_NO_NBE_READ                           ; Untyped            ;
; READ_DURING_WRITE_MODE_PORT_B      ; NEW_DATA_NO_NBE_READ                           ; Untyped            ;
; INIT_FILE                          ; db/game.ram5_character_render_5cbc1fe7.hdl.mif ; Untyped            ;
; INIT_FILE_LAYOUT                   ; PORT_A                                         ; Untyped            ;
; MAXIMUM_DEPTH                      ; 0                                              ; Untyped            ;
; CLOCK_ENABLE_INPUT_A               ; NORMAL                                         ; Untyped            ;
; CLOCK_ENABLE_INPUT_B               ; NORMAL                                         ; Untyped            ;
; CLOCK_ENABLE_OUTPUT_A              ; NORMAL                                         ; Untyped            ;
; CLOCK_ENABLE_OUTPUT_B              ; NORMAL                                         ; Untyped            ;
; CLOCK_ENABLE_CORE_A                ; USE_INPUT_CLKEN                                ; Untyped            ;
; CLOCK_ENABLE_CORE_B                ; USE_INPUT_CLKEN                                ; Untyped            ;
; ENABLE_ECC                         ; FALSE                                          ; Untyped            ;
; ECC_PIPELINE_STAGE_ENABLED         ; FALSE                                          ; Untyped            ;
; WIDTH_ECCSTATUS                    ; 3                                              ; Untyped            ;
; DEVICE_FAMILY                      ; Cyclone V                                      ; Untyped            ;
; CBXI_PARAMETER                     ; altsyncram_tme1                                ; Untyped            ;
+------------------------------------+------------------------------------------------+--------------------+
Note: In order to hide this table in the UI and the text report file, please set the "Show Parameter Settings in Synthesis Report" option in "Analysis and Synthesis Settings -> More Settings" to "Off".


+----------------------------------------------------------------------------------------------------------------+
; Parameter Settings for Inferred Entity Instance: character_render:ryu_blockstun|altsyncram:ryu_block_rom_rtl_0 ;
+------------------------------------+------------------------------------------------+--------------------------+
; Parameter Name                     ; Value                                          ; Type                     ;
+------------------------------------+------------------------------------------------+--------------------------+
; BYTE_SIZE_BLOCK                    ; 8                                              ; Untyped                  ;
; AUTO_CARRY_CHAINS                  ; ON                                             ; AUTO_CARRY               ;
; IGNORE_CARRY_BUFFERS               ; OFF                                            ; IGNORE_CARRY             ;
; AUTO_CASCADE_CHAINS                ; ON                                             ; AUTO_CASCADE             ;
; IGNORE_CASCADE_BUFFERS             ; OFF                                            ; IGNORE_CASCADE           ;
; WIDTH_BYTEENA                      ; 1                                              ; Untyped                  ;
; OPERATION_MODE                     ; ROM                                            ; Untyped                  ;
; WIDTH_A                            ; 8                                              ; Untyped                  ;
; WIDTHAD_A                          ; 12                                             ; Untyped                  ;
; NUMWORDS_A                         ; 3840                                           ; Untyped                  ;
; OUTDATA_REG_A                      ; UNREGISTERED                                   ; Untyped                  ;
; ADDRESS_ACLR_A                     ; NONE                                           ; Untyped                  ;
; OUTDATA_ACLR_A                     ; NONE                                           ; Untyped                  ;
; WRCONTROL_ACLR_A                   ; NONE                                           ; Untyped                  ;
; INDATA_ACLR_A                      ; NONE                                           ; Untyped                  ;
; BYTEENA_ACLR_A                     ; NONE                                           ; Untyped                  ;
; WIDTH_B                            ; 1                                              ; Untyped                  ;
; WIDTHAD_B                          ; 1                                              ; Untyped                  ;
; NUMWORDS_B                         ; 1                                              ; Untyped                  ;
; INDATA_REG_B                       ; CLOCK1                                         ; Untyped                  ;
; WRCONTROL_WRADDRESS_REG_B          ; CLOCK1                                         ; Untyped                  ;
; RDCONTROL_REG_B                    ; CLOCK1                                         ; Untyped                  ;
; ADDRESS_REG_B                      ; CLOCK1                                         ; Untyped                  ;
; OUTDATA_REG_B                      ; UNREGISTERED                                   ; Untyped                  ;
; BYTEENA_REG_B                      ; CLOCK1                                         ; Untyped                  ;
; INDATA_ACLR_B                      ; NONE                                           ; Untyped                  ;
; WRCONTROL_ACLR_B                   ; NONE                                           ; Untyped                  ;
; ADDRESS_ACLR_B                     ; NONE                                           ; Untyped                  ;
; OUTDATA_ACLR_B                     ; NONE                                           ; Untyped                  ;
; RDCONTROL_ACLR_B                   ; NONE                                           ; Untyped                  ;
; BYTEENA_ACLR_B                     ; NONE                                           ; Untyped                  ;
; WIDTH_BYTEENA_A                    ; 1                                              ; Untyped                  ;
; WIDTH_BYTEENA_B                    ; 1                                              ; Untyped                  ;
; RAM_BLOCK_TYPE                     ; AUTO                                           ; Untyped                  ;
; BYTE_SIZE                          ; 8                                              ; Untyped                  ;
; READ_DURING_WRITE_MODE_MIXED_PORTS ; DONT_CARE                                      ; Untyped                  ;
; READ_DURING_WRITE_MODE_PORT_A      ; NEW_DATA_NO_NBE_READ                           ; Untyped                  ;
; READ_DURING_WRITE_MODE_PORT_B      ; NEW_DATA_NO_NBE_READ                           ; Untyped                  ;
; INIT_FILE                          ; db/game.ram2_character_render_5cbc1fe7.hdl.mif ; Untyped                  ;
; INIT_FILE_LAYOUT                   ; PORT_A                                         ; Untyped                  ;
; MAXIMUM_DEPTH                      ; 0                                              ; Untyped                  ;
; CLOCK_ENABLE_INPUT_A               ; NORMAL                                         ; Untyped                  ;
; CLOCK_ENABLE_INPUT_B               ; NORMAL                                         ; Untyped                  ;
; CLOCK_ENABLE_OUTPUT_A              ; NORMAL                                         ; Untyped                  ;
; CLOCK_ENABLE_OUTPUT_B              ; NORMAL                                         ; Untyped                  ;
; CLOCK_ENABLE_CORE_A                ; USE_INPUT_CLKEN                                ; Untyped                  ;
; CLOCK_ENABLE_CORE_B                ; USE_INPUT_CLKEN                                ; Untyped                  ;
; ENABLE_ECC                         ; FALSE                                          ; Untyped                  ;
; ECC_PIPELINE_STAGE_ENABLED         ; FALSE                                          ; Untyped                  ;
; WIDTH_ECCSTATUS                    ; 3                                              ; Untyped                  ;
; DEVICE_FAMILY                      ; Cyclone V                                      ; Untyped                  ;
; CBXI_PARAMETER                     ; altsyncram_qme1                                ; Untyped                  ;
+------------------------------------+------------------------------------------------+--------------------------+
Note: In order to hide this table in the UI and the text report file, please set the "Show Parameter Settings in Synthesis Report" option in "Analysis and Synthesis Settings -> More Settings" to "Off".


+-------------------------------------------------------------------------------------------------------------+
; Parameter Settings for Inferred Entity Instance: character_render:ryu_hitstun|altsyncram:ryu_stun_rom_rtl_0 ;
+------------------------------------+------------------------------------------------+-----------------------+
; Parameter Name                     ; Value                                          ; Type                  ;
+------------------------------------+------------------------------------------------+-----------------------+
; BYTE_SIZE_BLOCK                    ; 8                                              ; Untyped               ;
; AUTO_CARRY_CHAINS                  ; ON                                             ; AUTO_CARRY            ;
; IGNORE_CARRY_BUFFERS               ; OFF                                            ; IGNORE_CARRY          ;
; AUTO_CASCADE_CHAINS                ; ON                                             ; AUTO_CASCADE          ;
; IGNORE_CASCADE_BUFFERS             ; OFF                                            ; IGNORE_CASCADE        ;
; WIDTH_BYTEENA                      ; 1                                              ; Untyped               ;
; OPERATION_MODE                     ; ROM                                            ; Untyped               ;
; WIDTH_A                            ; 8                                              ; Untyped               ;
; WIDTHAD_A                          ; 12                                             ; Untyped               ;
; NUMWORDS_A                         ; 3840                                           ; Untyped               ;
; OUTDATA_REG_A                      ; UNREGISTERED                                   ; Untyped               ;
; ADDRESS_ACLR_A                     ; NONE                                           ; Untyped               ;
; OUTDATA_ACLR_A                     ; NONE                                           ; Untyped               ;
; WRCONTROL_ACLR_A                   ; NONE                                           ; Untyped               ;
; INDATA_ACLR_A                      ; NONE                                           ; Untyped               ;
; BYTEENA_ACLR_A                     ; NONE                                           ; Untyped               ;
; WIDTH_B                            ; 1                                              ; Untyped               ;
; WIDTHAD_B                          ; 1                                              ; Untyped               ;
; NUMWORDS_B                         ; 1                                              ; Untyped               ;
; INDATA_REG_B                       ; CLOCK1                                         ; Untyped               ;
; WRCONTROL_WRADDRESS_REG_B          ; CLOCK1                                         ; Untyped               ;
; RDCONTROL_REG_B                    ; CLOCK1                                         ; Untyped               ;
; ADDRESS_REG_B                      ; CLOCK1                                         ; Untyped               ;
; OUTDATA_REG_B                      ; UNREGISTERED                                   ; Untyped               ;
; BYTEENA_REG_B                      ; CLOCK1                                         ; Untyped               ;
; INDATA_ACLR_B                      ; NONE                                           ; Untyped               ;
; WRCONTROL_ACLR_B                   ; NONE                                           ; Untyped               ;
; ADDRESS_ACLR_B                     ; NONE                                           ; Untyped               ;
; OUTDATA_ACLR_B                     ; NONE                                           ; Untyped               ;
; RDCONTROL_ACLR_B                   ; NONE                                           ; Untyped               ;
; BYTEENA_ACLR_B                     ; NONE                                           ; Untyped               ;
; WIDTH_BYTEENA_A                    ; 1                                              ; Untyped               ;
; WIDTH_BYTEENA_B                    ; 1                                              ; Untyped               ;
; RAM_BLOCK_TYPE                     ; AUTO                                           ; Untyped               ;
; BYTE_SIZE                          ; 8                                              ; Untyped               ;
; READ_DURING_WRITE_MODE_MIXED_PORTS ; DONT_CARE                                      ; Untyped               ;
; READ_DURING_WRITE_MODE_PORT_A      ; NEW_DATA_NO_NBE_READ                           ; Untyped               ;
; READ_DURING_WRITE_MODE_PORT_B      ; NEW_DATA_NO_NBE_READ                           ; Untyped               ;
; INIT_FILE                          ; db/game.ram4_character_render_5cbc1fe7.hdl.mif ; Untyped               ;
; INIT_FILE_LAYOUT                   ; PORT_A                                         ; Untyped               ;
; MAXIMUM_DEPTH                      ; 0                                              ; Untyped               ;
; CLOCK_ENABLE_INPUT_A               ; NORMAL                                         ; Untyped               ;
; CLOCK_ENABLE_INPUT_B               ; NORMAL                                         ; Untyped               ;
; CLOCK_ENABLE_OUTPUT_A              ; NORMAL                                         ; Untyped               ;
; CLOCK_ENABLE_OUTPUT_B              ; NORMAL                                         ; Untyped               ;
; CLOCK_ENABLE_CORE_A                ; USE_INPUT_CLKEN                                ; Untyped               ;
; CLOCK_ENABLE_CORE_B                ; USE_INPUT_CLKEN                                ; Untyped               ;
; ENABLE_ECC                         ; FALSE                                          ; Untyped               ;
; ECC_PIPELINE_STAGE_ENABLED         ; FALSE                                          ; Untyped               ;
; WIDTH_ECCSTATUS                    ; 3                                              ; Untyped               ;
; DEVICE_FAMILY                      ; Cyclone V                                      ; Untyped               ;
; CBXI_PARAMETER                     ; altsyncram_sme1                                ; Untyped               ;
+------------------------------------+------------------------------------------------+-----------------------+
Note: In order to hide this table in the UI and the text report file, please set the "Show Parameter Settings in Synthesis Report" option in "Analysis and Synthesis Settings -> More Settings" to "Off".


+----------------------------------------------------------------------------------------------------------------------+
; Parameter Settings for Inferred Entity Instance: character_render:ryu_dir_attack|altsyncram:ryu_dir_attack_rom_rtl_0 ;
+------------------------------------+------------------------------------------------+--------------------------------+
; Parameter Name                     ; Value                                          ; Type                           ;
+------------------------------------+------------------------------------------------+--------------------------------+
; BYTE_SIZE_BLOCK                    ; 8                                              ; Untyped                        ;
; AUTO_CARRY_CHAINS                  ; ON                                             ; AUTO_CARRY                     ;
; IGNORE_CARRY_BUFFERS               ; OFF                                            ; IGNORE_CARRY                   ;
; AUTO_CASCADE_CHAINS                ; ON                                             ; AUTO_CASCADE                   ;
; IGNORE_CASCADE_BUFFERS             ; OFF                                            ; IGNORE_CASCADE                 ;
; WIDTH_BYTEENA                      ; 1                                              ; Untyped                        ;
; OPERATION_MODE                     ; ROM                                            ; Untyped                        ;
; WIDTH_A                            ; 8                                              ; Untyped                        ;
; WIDTHAD_A                          ; 12                                             ; Untyped                        ;
; NUMWORDS_A                         ; 3840                                           ; Untyped                        ;
; OUTDATA_REG_A                      ; UNREGISTERED                                   ; Untyped                        ;
; ADDRESS_ACLR_A                     ; NONE                                           ; Untyped                        ;
; OUTDATA_ACLR_A                     ; NONE                                           ; Untyped                        ;
; WRCONTROL_ACLR_A                   ; NONE                                           ; Untyped                        ;
; INDATA_ACLR_A                      ; NONE                                           ; Untyped                        ;
; BYTEENA_ACLR_A                     ; NONE                                           ; Untyped                        ;
; WIDTH_B                            ; 1                                              ; Untyped                        ;
; WIDTHAD_B                          ; 1                                              ; Untyped                        ;
; NUMWORDS_B                         ; 1                                              ; Untyped                        ;
; INDATA_REG_B                       ; CLOCK1                                         ; Untyped                        ;
; WRCONTROL_WRADDRESS_REG_B          ; CLOCK1                                         ; Untyped                        ;
; RDCONTROL_REG_B                    ; CLOCK1                                         ; Untyped                        ;
; ADDRESS_REG_B                      ; CLOCK1                                         ; Untyped                        ;
; OUTDATA_REG_B                      ; UNREGISTERED                                   ; Untyped                        ;
; BYTEENA_REG_B                      ; CLOCK1                                         ; Untyped                        ;
; INDATA_ACLR_B                      ; NONE                                           ; Untyped                        ;
; WRCONTROL_ACLR_B                   ; NONE                                           ; Untyped                        ;
; ADDRESS_ACLR_B                     ; NONE                                           ; Untyped                        ;
; OUTDATA_ACLR_B                     ; NONE                                           ; Untyped                        ;
; RDCONTROL_ACLR_B                   ; NONE                                           ; Untyped                        ;
; BYTEENA_ACLR_B                     ; NONE                                           ; Untyped                        ;
; WIDTH_BYTEENA_A                    ; 1                                              ; Untyped                        ;
; WIDTH_BYTEENA_B                    ; 1                                              ; Untyped                        ;
; RAM_BLOCK_TYPE                     ; AUTO                                           ; Untyped                        ;
; BYTE_SIZE                          ; 8                                              ; Untyped                        ;
; READ_DURING_WRITE_MODE_MIXED_PORTS ; DONT_CARE                                      ; Untyped                        ;
; READ_DURING_WRITE_MODE_PORT_A      ; NEW_DATA_NO_NBE_READ                           ; Untyped                        ;
; READ_DURING_WRITE_MODE_PORT_B      ; NEW_DATA_NO_NBE_READ                           ; Untyped                        ;
; INIT_FILE                          ; db/game.ram3_character_render_5cbc1fe7.hdl.mif ; Untyped                        ;
; INIT_FILE_LAYOUT                   ; PORT_A                                         ; Untyped                        ;
; MAXIMUM_DEPTH                      ; 0                                              ; Untyped                        ;
; CLOCK_ENABLE_INPUT_A               ; NORMAL                                         ; Untyped                        ;
; CLOCK_ENABLE_INPUT_B               ; NORMAL                                         ; Untyped                        ;
; CLOCK_ENABLE_OUTPUT_A              ; NORMAL                                         ; Untyped                        ;
; CLOCK_ENABLE_OUTPUT_B              ; NORMAL                                         ; Untyped                        ;
; CLOCK_ENABLE_CORE_A                ; USE_INPUT_CLKEN                                ; Untyped                        ;
; CLOCK_ENABLE_CORE_B                ; USE_INPUT_CLKEN                                ; Untyped                        ;
; ENABLE_ECC                         ; FALSE                                          ; Untyped                        ;
; ECC_PIPELINE_STAGE_ENABLED         ; FALSE                                          ; Untyped                        ;
; WIDTH_ECCSTATUS                    ; 3                                              ; Untyped                        ;
; DEVICE_FAMILY                      ; Cyclone V                                      ; Untyped                        ;
; CBXI_PARAMETER                     ; altsyncram_rme1                                ; Untyped                        ;
+------------------------------------+------------------------------------------------+--------------------------------+
Note: In order to hide this table in the UI and the text report file, please set the "Show Parameter Settings in Synthesis Report" option in "Analysis and Synthesis Settings -> More Settings" to "Off".


+--------------------------------------------------------------------------------------------------------------+
; Parameter Settings for Inferred Entity Instance: character_render:ryu_attack|altsyncram:ryu_attack_rom_rtl_0 ;
+------------------------------------+------------------------------------------------+------------------------+
; Parameter Name                     ; Value                                          ; Type                   ;
+------------------------------------+------------------------------------------------+------------------------+
; BYTE_SIZE_BLOCK                    ; 8                                              ; Untyped                ;
; AUTO_CARRY_CHAINS                  ; ON                                             ; AUTO_CARRY             ;
; IGNORE_CARRY_BUFFERS               ; OFF                                            ; IGNORE_CARRY           ;
; AUTO_CASCADE_CHAINS                ; ON                                             ; AUTO_CASCADE           ;
; IGNORE_CASCADE_BUFFERS             ; OFF                                            ; IGNORE_CASCADE         ;
; WIDTH_BYTEENA                      ; 1                                              ; Untyped                ;
; OPERATION_MODE                     ; ROM                                            ; Untyped                ;
; WIDTH_A                            ; 8                                              ; Untyped                ;
; WIDTHAD_A                          ; 12                                             ; Untyped                ;
; NUMWORDS_A                         ; 3840                                           ; Untyped                ;
; OUTDATA_REG_A                      ; UNREGISTERED                                   ; Untyped                ;
; ADDRESS_ACLR_A                     ; NONE                                           ; Untyped                ;
; OUTDATA_ACLR_A                     ; NONE                                           ; Untyped                ;
; WRCONTROL_ACLR_A                   ; NONE                                           ; Untyped                ;
; INDATA_ACLR_A                      ; NONE                                           ; Untyped                ;
; BYTEENA_ACLR_A                     ; NONE                                           ; Untyped                ;
; WIDTH_B                            ; 1                                              ; Untyped                ;
; WIDTHAD_B                          ; 1                                              ; Untyped                ;
; NUMWORDS_B                         ; 1                                              ; Untyped                ;
; INDATA_REG_B                       ; CLOCK1                                         ; Untyped                ;
; WRCONTROL_WRADDRESS_REG_B          ; CLOCK1                                         ; Untyped                ;
; RDCONTROL_REG_B                    ; CLOCK1                                         ; Untyped                ;
; ADDRESS_REG_B                      ; CLOCK1                                         ; Untyped                ;
; OUTDATA_REG_B                      ; UNREGISTERED                                   ; Untyped                ;
; BYTEENA_REG_B                      ; CLOCK1                                         ; Untyped                ;
; INDATA_ACLR_B                      ; NONE                                           ; Untyped                ;
; WRCONTROL_ACLR_B                   ; NONE                                           ; Untyped                ;
; ADDRESS_ACLR_B                     ; NONE                                           ; Untyped                ;
; OUTDATA_ACLR_B                     ; NONE                                           ; Untyped                ;
; RDCONTROL_ACLR_B                   ; NONE                                           ; Untyped                ;
; BYTEENA_ACLR_B                     ; NONE                                           ; Untyped                ;
; WIDTH_BYTEENA_A                    ; 1                                              ; Untyped                ;
; WIDTH_BYTEENA_B                    ; 1                                              ; Untyped                ;
; RAM_BLOCK_TYPE                     ; AUTO                                           ; Untyped                ;
; BYTE_SIZE                          ; 8                                              ; Untyped                ;
; READ_DURING_WRITE_MODE_MIXED_PORTS ; DONT_CARE                                      ; Untyped                ;
; READ_DURING_WRITE_MODE_PORT_A      ; NEW_DATA_NO_NBE_READ                           ; Untyped                ;
; READ_DURING_WRITE_MODE_PORT_B      ; NEW_DATA_NO_NBE_READ                           ; Untyped                ;
; INIT_FILE                          ; db/game.ram1_character_render_5cbc1fe7.hdl.mif ; Untyped                ;
; INIT_FILE_LAYOUT                   ; PORT_A                                         ; Untyped                ;
; MAXIMUM_DEPTH                      ; 0                                              ; Untyped                ;
; CLOCK_ENABLE_INPUT_A               ; NORMAL                                         ; Untyped                ;
; CLOCK_ENABLE_INPUT_B               ; NORMAL                                         ; Untyped                ;
; CLOCK_ENABLE_OUTPUT_A              ; NORMAL                                         ; Untyped                ;
; CLOCK_ENABLE_OUTPUT_B              ; NORMAL                                         ; Untyped                ;
; CLOCK_ENABLE_CORE_A                ; USE_INPUT_CLKEN                                ; Untyped                ;
; CLOCK_ENABLE_CORE_B                ; USE_INPUT_CLKEN                                ; Untyped                ;
; ENABLE_ECC                         ; FALSE                                          ; Untyped                ;
; ECC_PIPELINE_STAGE_ENABLED         ; FALSE                                          ; Untyped                ;
; WIDTH_ECCSTATUS                    ; 3                                              ; Untyped                ;
; DEVICE_FAMILY                      ; Cyclone V                                      ; Untyped                ;
; CBXI_PARAMETER                     ; altsyncram_pme1                                ; Untyped                ;
+------------------------------------+------------------------------------------------+------------------------+
Note: In order to hide this table in the UI and the text report file, please set the "Show Parameter Settings in Synthesis Report" option in "Analysis and Synthesis Settings -> More Settings" to "Off".


+----------------------------------------------------------------------------------------------------------+
; Parameter Settings for Inferred Entity Instance: character_render:ryu_idle|altsyncram:ryu_idle_rom_rtl_0 ;
+------------------------------------+------------------------------------------------+--------------------+
; Parameter Name                     ; Value                                          ; Type               ;
+------------------------------------+------------------------------------------------+--------------------+
; BYTE_SIZE_BLOCK                    ; 8                                              ; Untyped            ;
; AUTO_CARRY_CHAINS                  ; ON                                             ; AUTO_CARRY         ;
; IGNORE_CARRY_BUFFERS               ; OFF                                            ; IGNORE_CARRY       ;
; AUTO_CASCADE_CHAINS                ; ON                                             ; AUTO_CASCADE       ;
; IGNORE_CASCADE_BUFFERS             ; OFF                                            ; IGNORE_CASCADE     ;
; WIDTH_BYTEENA                      ; 1                                              ; Untyped            ;
; OPERATION_MODE                     ; ROM                                            ; Untyped            ;
; WIDTH_A                            ; 8                                              ; Untyped            ;
; WIDTHAD_A                          ; 12                                             ; Untyped            ;
; NUMWORDS_A                         ; 3840                                           ; Untyped            ;
; OUTDATA_REG_A                      ; UNREGISTERED                                   ; Untyped            ;
; ADDRESS_ACLR_A                     ; NONE                                           ; Untyped            ;
; OUTDATA_ACLR_A                     ; NONE                                           ; Untyped            ;
; WRCONTROL_ACLR_A                   ; NONE                                           ; Untyped            ;
; INDATA_ACLR_A                      ; NONE                                           ; Untyped            ;
; BYTEENA_ACLR_A                     ; NONE                                           ; Untyped            ;
; WIDTH_B                            ; 1                                              ; Untyped            ;
; WIDTHAD_B                          ; 1                                              ; Untyped            ;
; NUMWORDS_B                         ; 1                                              ; Untyped            ;
; INDATA_REG_B                       ; CLOCK1                                         ; Untyped            ;
; WRCONTROL_WRADDRESS_REG_B          ; CLOCK1                                         ; Untyped            ;
; RDCONTROL_REG_B                    ; CLOCK1                                         ; Untyped            ;
; ADDRESS_REG_B                      ; CLOCK1                                         ; Untyped            ;
; OUTDATA_REG_B                      ; UNREGISTERED                                   ; Untyped            ;
; BYTEENA_REG_B                      ; CLOCK1                                         ; Untyped            ;
; INDATA_ACLR_B                      ; NONE                                           ; Untyped            ;
; WRCONTROL_ACLR_B                   ; NONE                                           ; Untyped            ;
; ADDRESS_ACLR_B                     ; NONE                                           ; Untyped            ;
; OUTDATA_ACLR_B                     ; NONE                                           ; Untyped            ;
; RDCONTROL_ACLR_B                   ; NONE                                           ; Untyped            ;
; BYTEENA_ACLR_B                     ; NONE                                           ; Untyped            ;
; WIDTH_BYTEENA_A                    ; 1                                              ; Untyped            ;
; WIDTH_BYTEENA_B                    ; 1                                              ; Untyped            ;
; RAM_BLOCK_TYPE                     ; AUTO                                           ; Untyped            ;
; BYTE_SIZE                          ; 8                                              ; Untyped            ;
; READ_DURING_WRITE_MODE_MIXED_PORTS ; DONT_CARE                                      ; Untyped            ;
; READ_DURING_WRITE_MODE_PORT_A      ; NEW_DATA_NO_NBE_READ                           ; Untyped            ;
; READ_DURING_WRITE_MODE_PORT_B      ; NEW_DATA_NO_NBE_READ                           ; Untyped            ;
; INIT_FILE                          ; db/game.ram0_character_render_5cbc1fe7.hdl.mif ; Untyped            ;
; INIT_FILE_LAYOUT                   ; PORT_A                                         ; Untyped            ;
; MAXIMUM_DEPTH                      ; 0                                              ; Untyped            ;
; CLOCK_ENABLE_INPUT_A               ; NORMAL                                         ; Untyped            ;
; CLOCK_ENABLE_INPUT_B               ; NORMAL                                         ; Untyped            ;
; CLOCK_ENABLE_OUTPUT_A              ; NORMAL                                         ; Untyped            ;
; CLOCK_ENABLE_OUTPUT_B              ; NORMAL                                         ; Untyped            ;
; CLOCK_ENABLE_CORE_A                ; USE_INPUT_CLKEN                                ; Untyped            ;
; CLOCK_ENABLE_CORE_B                ; USE_INPUT_CLKEN                                ; Untyped            ;
; ENABLE_ECC                         ; FALSE                                          ; Untyped            ;
; ECC_PIPELINE_STAGE_ENABLED         ; FALSE                                          ; Untyped            ;
; WIDTH_ECCSTATUS                    ; 3                                              ; Untyped            ;
; DEVICE_FAMILY                      ; Cyclone V                                      ; Untyped            ;
; CBXI_PARAMETER                     ; altsyncram_ome1                                ; Untyped            ;
+------------------------------------+------------------------------------------------+--------------------+
Note: In order to hide this table in the UI and the text report file, please set the "Show Parameter Settings in Synthesis Report" option in "Analysis and Synthesis Settings -> More Settings" to "Off".


+------------------------------------------------------------------+
; Parameter Settings for Inferred Entity Instance: lpm_divide:Mod0 ;
+------------------------+----------------+------------------------+
; Parameter Name         ; Value          ; Type                   ;
+------------------------+----------------+------------------------+
; LPM_WIDTHN             ; 7              ; Untyped                ;
; LPM_WIDTHD             ; 4              ; Untyped                ;
; LPM_NREPRESENTATION    ; UNSIGNED       ; Untyped                ;
; LPM_DREPRESENTATION    ; UNSIGNED       ; Untyped                ;
; LPM_PIPELINE           ; 0              ; Untyped                ;
; LPM_REMAINDERPOSITIVE  ; TRUE           ; Untyped                ;
; MAXIMIZE_SPEED         ; 5              ; Untyped                ;
; CBXI_PARAMETER         ; lpm_divide_72m ; Untyped                ;
; CARRY_CHAIN            ; MANUAL         ; Untyped                ;
; OPTIMIZE_FOR_SPEED     ; 5              ; Untyped                ;
; AUTO_CARRY_CHAINS      ; ON             ; AUTO_CARRY             ;
; IGNORE_CARRY_BUFFERS   ; OFF            ; IGNORE_CARRY           ;
; AUTO_CASCADE_CHAINS    ; ON             ; AUTO_CASCADE           ;
; IGNORE_CASCADE_BUFFERS ; OFF            ; IGNORE_CASCADE         ;
+------------------------+----------------+------------------------+
Note: In order to hide this table in the UI and the text report file, please set the "Show Parameter Settings in Synthesis Report" option in "Analysis and Synthesis Settings -> More Settings" to "Off".


+------------------------------------------------------------------+
; Parameter Settings for Inferred Entity Instance: lpm_divide:Div0 ;
+------------------------+----------------+------------------------+
; Parameter Name         ; Value          ; Type                   ;
+------------------------+----------------+------------------------+
; LPM_WIDTHN             ; 7              ; Untyped                ;
; LPM_WIDTHD             ; 4              ; Untyped                ;
; LPM_NREPRESENTATION    ; UNSIGNED       ; Untyped                ;
; LPM_DREPRESENTATION    ; UNSIGNED       ; Untyped                ;
; LPM_PIPELINE           ; 0              ; Untyped                ;
; LPM_REMAINDERPOSITIVE  ; TRUE           ; Untyped                ;
; MAXIMIZE_SPEED         ; 5              ; Untyped                ;
; CBXI_PARAMETER         ; lpm_divide_4am ; Untyped                ;
; CARRY_CHAIN            ; MANUAL         ; Untyped                ;
; OPTIMIZE_FOR_SPEED     ; 5              ; Untyped                ;
; AUTO_CARRY_CHAINS      ; ON             ; AUTO_CARRY             ;
; IGNORE_CARRY_BUFFERS   ; OFF            ; IGNORE_CARRY           ;
; AUTO_CASCADE_CHAINS    ; ON             ; AUTO_CASCADE           ;
; IGNORE_CASCADE_BUFFERS ; OFF            ; IGNORE_CASCADE         ;
+------------------------+----------------+------------------------+
Note: In order to hide this table in the UI and the text report file, please set the "Show Parameter Settings in Synthesis Report" option in "Analysis and Synthesis Settings -> More Settings" to "Off".


+-----------------------------------------------------------------------------------------------------------------+
; altsyncram Parameter Settings by Entity Instance                                                                ;
+-------------------------------------------+---------------------------------------------------------------------+
; Name                                      ; Value                                                               ;
+-------------------------------------------+---------------------------------------------------------------------+
; Number of entity instances                ; 12                                                                  ;
; Entity Instance                           ; character_render:ken_lose|altsyncram:ken_lose_rom_rtl_0             ;
;     -- OPERATION_MODE                     ; ROM                                                                 ;
;     -- WIDTH_A                            ; 8                                                                   ;
;     -- NUMWORDS_A                         ; 3840                                                                ;
;     -- OUTDATA_REG_A                      ; UNREGISTERED                                                        ;
;     -- WIDTH_B                            ; 1                                                                   ;
;     -- NUMWORDS_B                         ; 1                                                                   ;
;     -- ADDRESS_REG_B                      ; CLOCK1                                                              ;
;     -- OUTDATA_REG_B                      ; UNREGISTERED                                                        ;
;     -- RAM_BLOCK_TYPE                     ; AUTO                                                                ;
;     -- READ_DURING_WRITE_MODE_MIXED_PORTS ; DONT_CARE                                                           ;
; Entity Instance                           ; character_render:ken_blockstun|altsyncram:ken_block_rom_rtl_0       ;
;     -- OPERATION_MODE                     ; ROM                                                                 ;
;     -- WIDTH_A                            ; 8                                                                   ;
;     -- NUMWORDS_A                         ; 3840                                                                ;
;     -- OUTDATA_REG_A                      ; UNREGISTERED                                                        ;
;     -- WIDTH_B                            ; 1                                                                   ;
;     -- NUMWORDS_B                         ; 1                                                                   ;
;     -- ADDRESS_REG_B                      ; CLOCK1                                                              ;
;     -- OUTDATA_REG_B                      ; UNREGISTERED                                                        ;
;     -- RAM_BLOCK_TYPE                     ; AUTO                                                                ;
;     -- READ_DURING_WRITE_MODE_MIXED_PORTS ; DONT_CARE                                                           ;
; Entity Instance                           ; character_render:ken_hitstun|altsyncram:ken_stun_rom_rtl_0          ;
;     -- OPERATION_MODE                     ; ROM                                                                 ;
;     -- WIDTH_A                            ; 8                                                                   ;
;     -- NUMWORDS_A                         ; 3840                                                                ;
;     -- OUTDATA_REG_A                      ; UNREGISTERED                                                        ;
;     -- WIDTH_B                            ; 1                                                                   ;
;     -- NUMWORDS_B                         ; 1                                                                   ;
;     -- ADDRESS_REG_B                      ; CLOCK1                                                              ;
;     -- OUTDATA_REG_B                      ; UNREGISTERED                                                        ;
;     -- RAM_BLOCK_TYPE                     ; AUTO                                                                ;
;     -- READ_DURING_WRITE_MODE_MIXED_PORTS ; DONT_CARE                                                           ;
; Entity Instance                           ; character_render:ken_dir_attack|altsyncram:ken_dir_attack_rom_rtl_0 ;
;     -- OPERATION_MODE                     ; ROM                                                                 ;
;     -- WIDTH_A                            ; 8                                                                   ;
;     -- NUMWORDS_A                         ; 3840                                                                ;
;     -- OUTDATA_REG_A                      ; UNREGISTERED                                                        ;
;     -- WIDTH_B                            ; 1                                                                   ;
;     -- NUMWORDS_B                         ; 1                                                                   ;
;     -- ADDRESS_REG_B                      ; CLOCK1                                                              ;
;     -- OUTDATA_REG_B                      ; UNREGISTERED                                                        ;
;     -- RAM_BLOCK_TYPE                     ; AUTO                                                                ;
;     -- READ_DURING_WRITE_MODE_MIXED_PORTS ; DONT_CARE                                                           ;
; Entity Instance                           ; character_render:ken_attack_inst|altsyncram:ken_attack_rom_rtl_0    ;
;     -- OPERATION_MODE                     ; ROM                                                                 ;
;     -- WIDTH_A                            ; 8                                                                   ;
;     -- NUMWORDS_A                         ; 3840                                                                ;
;     -- OUTDATA_REG_A                      ; UNREGISTERED                                                        ;
;     -- WIDTH_B                            ; 1                                                                   ;
;     -- NUMWORDS_B                         ; 1                                                                   ;
;     -- ADDRESS_REG_B                      ; CLOCK1                                                              ;
;     -- OUTDATA_REG_B                      ; UNREGISTERED                                                        ;
;     -- RAM_BLOCK_TYPE                     ; AUTO                                                                ;
;     -- READ_DURING_WRITE_MODE_MIXED_PORTS ; DONT_CARE                                                           ;
; Entity Instance                           ; character_render:ken_idle|altsyncram:ken_idle_rom_rtl_0             ;
;     -- OPERATION_MODE                     ; ROM                                                                 ;
;     -- WIDTH_A                            ; 8                                                                   ;
;     -- NUMWORDS_A                         ; 3840                                                                ;
;     -- OUTDATA_REG_A                      ; UNREGISTERED                                                        ;
;     -- WIDTH_B                            ; 1                                                                   ;
;     -- NUMWORDS_B                         ; 1                                                                   ;
;     -- ADDRESS_REG_B                      ; CLOCK1                                                              ;
;     -- OUTDATA_REG_B                      ; UNREGISTERED                                                        ;
;     -- RAM_BLOCK_TYPE                     ; AUTO                                                                ;
;     -- READ_DURING_WRITE_MODE_MIXED_PORTS ; DONT_CARE                                                           ;
; Entity Instance                           ; character_render:ryu_lose|altsyncram:ryu_lose_rom_rtl_0             ;
;     -- OPERATION_MODE                     ; ROM                                                                 ;
;     -- WIDTH_A                            ; 8                                                                   ;
;     -- NUMWORDS_A                         ; 3840                                                                ;
;     -- OUTDATA_REG_A                      ; UNREGISTERED                                                        ;
;     -- WIDTH_B                            ; 1                                                                   ;
;     -- NUMWORDS_B                         ; 1                                                                   ;
;     -- ADDRESS_REG_B                      ; CLOCK1                                                              ;
;     -- OUTDATA_REG_B                      ; UNREGISTERED                                                        ;
;     -- RAM_BLOCK_TYPE                     ; AUTO                                                                ;
;     -- READ_DURING_WRITE_MODE_MIXED_PORTS ; DONT_CARE                                                           ;
; Entity Instance                           ; character_render:ryu_blockstun|altsyncram:ryu_block_rom_rtl_0       ;
;     -- OPERATION_MODE                     ; ROM                                                                 ;
;     -- WIDTH_A                            ; 8                                                                   ;
;     -- NUMWORDS_A                         ; 3840                                                                ;
;     -- OUTDATA_REG_A                      ; UNREGISTERED                                                        ;
;     -- WIDTH_B                            ; 1                                                                   ;
;     -- NUMWORDS_B                         ; 1                                                                   ;
;     -- ADDRESS_REG_B                      ; CLOCK1                                                              ;
;     -- OUTDATA_REG_B                      ; UNREGISTERED                                                        ;
;     -- RAM_BLOCK_TYPE                     ; AUTO                                                                ;
;     -- READ_DURING_WRITE_MODE_MIXED_PORTS ; DONT_CARE                                                           ;
; Entity Instance                           ; character_render:ryu_hitstun|altsyncram:ryu_stun_rom_rtl_0          ;
;     -- OPERATION_MODE                     ; ROM                                                                 ;
;     -- WIDTH_A                            ; 8                                                                   ;
;     -- NUMWORDS_A                         ; 3840                                                                ;
;     -- OUTDATA_REG_A                      ; UNREGISTERED                                                        ;
;     -- WIDTH_B                            ; 1                                                                   ;
;     -- NUMWORDS_B                         ; 1                                                                   ;
;     -- ADDRESS_REG_B                      ; CLOCK1                                                              ;
;     -- OUTDATA_REG_B                      ; UNREGISTERED                                                        ;
;     -- RAM_BLOCK_TYPE                     ; AUTO                                                                ;
;     -- READ_DURING_WRITE_MODE_MIXED_PORTS ; DONT_CARE                                                           ;
; Entity Instance                           ; character_render:ryu_dir_attack|altsyncram:ryu_dir_attack_rom_rtl_0 ;
;     -- OPERATION_MODE                     ; ROM                                                                 ;
;     -- WIDTH_A                            ; 8                                                                   ;
;     -- NUMWORDS_A                         ; 3840                                                                ;
;     -- OUTDATA_REG_A                      ; UNREGISTERED                                                        ;
;     -- WIDTH_B                            ; 1                                                                   ;
;     -- NUMWORDS_B                         ; 1                                                                   ;
;     -- ADDRESS_REG_B                      ; CLOCK1                                                              ;
;     -- OUTDATA_REG_B                      ; UNREGISTERED                                                        ;
;     -- RAM_BLOCK_TYPE                     ; AUTO                                                                ;
;     -- READ_DURING_WRITE_MODE_MIXED_PORTS ; DONT_CARE                                                           ;
; Entity Instance                           ; character_render:ryu_attack|altsyncram:ryu_attack_rom_rtl_0         ;
;     -- OPERATION_MODE                     ; ROM                                                                 ;
;     -- WIDTH_A                            ; 8                                                                   ;
;     -- NUMWORDS_A                         ; 3840                                                                ;
;     -- OUTDATA_REG_A                      ; UNREGISTERED                                                        ;
;     -- WIDTH_B                            ; 1                                                                   ;
;     -- NUMWORDS_B                         ; 1                                                                   ;
;     -- ADDRESS_REG_B                      ; CLOCK1                                                              ;
;     -- OUTDATA_REG_B                      ; UNREGISTERED                                                        ;
;     -- RAM_BLOCK_TYPE                     ; AUTO                                                                ;
;     -- READ_DURING_WRITE_MODE_MIXED_PORTS ; DONT_CARE                                                           ;
; Entity Instance                           ; character_render:ryu_idle|altsyncram:ryu_idle_rom_rtl_0             ;
;     -- OPERATION_MODE                     ; ROM                                                                 ;
;     -- WIDTH_A                            ; 8                                                                   ;
;     -- NUMWORDS_A                         ; 3840                                                                ;
;     -- OUTDATA_REG_A                      ; UNREGISTERED                                                        ;
;     -- WIDTH_B                            ; 1                                                                   ;
;     -- NUMWORDS_B                         ; 1                                                                   ;
;     -- ADDRESS_REG_B                      ; CLOCK1                                                              ;
;     -- OUTDATA_REG_B                      ; UNREGISTERED                                                        ;
;     -- RAM_BLOCK_TYPE                     ; AUTO                                                                ;
;     -- READ_DURING_WRITE_MODE_MIXED_PORTS ; DONT_CARE                                                           ;
+-------------------------------------------+---------------------------------------------------------------------+


+-------------------------------------------------------+
; Port Connectivity Checks: "hexto7seg:num_2_converter" ;
+-----------+-------+----------+------------------------+
; Port      ; Type  ; Severity ; Details                ;
+-----------+-------+----------+------------------------+
; hex[3..2] ; Input ; Info     ; Stuck at GND           ;
; hex[1]    ; Input ; Info     ; Stuck at VCC           ;
; hex[0]    ; Input ; Info     ; Stuck at GND           ;
+-----------+-------+----------+------------------------+


+-------------------------------------------------------+
; Port Connectivity Checks: "hexto7seg:num_1_converter" ;
+-----------+-------+----------+------------------------+
; Port      ; Type  ; Severity ; Details                ;
+-----------+-------+----------+------------------------+
; hex[3..1] ; Input ; Info     ; Stuck at GND           ;
; hex[0]    ; Input ; Info     ; Stuck at VCC           ;
+-----------+-------+----------+------------------------+


+-------------------------------------------------------------+
; Port Connectivity Checks: "hexto7seg:countdown_display_hex" ;
+-----------+-------+----------+------------------------------+
; Port      ; Type  ; Severity ; Details                      ;
+-----------+-------+----------+------------------------------+
; hex[3..2] ; Input ; Info     ; Stuck at GND                 ;
+-----------+-------+----------+------------------------------+


+------------------------------------------------------------------------------------------------------------------------------------------------------------------------------------------------------------------------------+
; Port Connectivity Checks: "character_render:ken_lose"                                                                                                                                                                        ;
+---------------------+-------+----------+-------------------------------------------------------------------------------------------------------------------------------------------------------------------------------------+
; Port                ; Type  ; Severity ; Details                                                                                                                                                                             ;
+---------------------+-------+----------+-------------------------------------------------------------------------------------------------------------------------------------------------------------------------------------+
; sprite_y            ; Input ; Warning  ; Input port expression (32 bits) is wider than the input port (10 bits) it drives.  The 22 most-significant bit(s) in the expression will be dangling if they have no other fanouts. ;
; sprite_y[4..3]      ; Input ; Info     ; Stuck at VCC                                                                                                                                                                        ;
; sprite_y[7..5]      ; Input ; Info     ; Stuck at GND                                                                                                                                                                        ;
; sprite_y[2..0]      ; Input ; Info     ; Stuck at GND                                                                                                                                                                        ;
; sprite_y[9]         ; Input ; Info     ; Stuck at GND                                                                                                                                                                        ;
; sprite_y[8]         ; Input ; Info     ; Stuck at VCC                                                                                                                                                                        ;
; sprite_select[3..2] ; Input ; Info     ; Stuck at VCC                                                                                                                                                                        ;
; sprite_select[1]    ; Input ; Info     ; Stuck at GND                                                                                                                                                                        ;
; sprite_select[0]    ; Input ; Info     ; Stuck at VCC                                                                                                                                                                        ;
+---------------------+-------+----------+-------------------------------------------------------------------------------------------------------------------------------------------------------------------------------------+


+---------------------------------------------------------------------------------------------------------------------------------------------------------------------------------------------------------------------------+
; Port Connectivity Checks: "character_render:ken_blockstun"                                                                                                                                                                ;
+------------------+-------+----------+-------------------------------------------------------------------------------------------------------------------------------------------------------------------------------------+
; Port             ; Type  ; Severity ; Details                                                                                                                                                                             ;
+------------------+-------+----------+-------------------------------------------------------------------------------------------------------------------------------------------------------------------------------------+
; sprite_y         ; Input ; Warning  ; Input port expression (32 bits) is wider than the input port (10 bits) it drives.  The 22 most-significant bit(s) in the expression will be dangling if they have no other fanouts. ;
; sprite_y[4..3]   ; Input ; Info     ; Stuck at VCC                                                                                                                                                                        ;
; sprite_y[7..5]   ; Input ; Info     ; Stuck at GND                                                                                                                                                                        ;
; sprite_y[2..0]   ; Input ; Info     ; Stuck at GND                                                                                                                                                                        ;
; sprite_y[9]      ; Input ; Info     ; Stuck at GND                                                                                                                                                                        ;
; sprite_y[8]      ; Input ; Info     ; Stuck at VCC                                                                                                                                                                        ;
; sprite_select[3] ; Input ; Info     ; Stuck at VCC                                                                                                                                                                        ;
; sprite_select[2] ; Input ; Info     ; Stuck at GND                                                                                                                                                                        ;
; sprite_select[1] ; Input ; Info     ; Stuck at VCC                                                                                                                                                                        ;
; sprite_select[0] ; Input ; Info     ; Stuck at GND                                                                                                                                                                        ;
+------------------+-------+----------+-------------------------------------------------------------------------------------------------------------------------------------------------------------------------------------+


+------------------------------------------------------------------------------------------------------------------------------------------------------------------------------------------------------------------------------+
; Port Connectivity Checks: "character_render:ken_hitstun"                                                                                                                                                                     ;
+---------------------+-------+----------+-------------------------------------------------------------------------------------------------------------------------------------------------------------------------------------+
; Port                ; Type  ; Severity ; Details                                                                                                                                                                             ;
+---------------------+-------+----------+-------------------------------------------------------------------------------------------------------------------------------------------------------------------------------------+
; sprite_y            ; Input ; Warning  ; Input port expression (32 bits) is wider than the input port (10 bits) it drives.  The 22 most-significant bit(s) in the expression will be dangling if they have no other fanouts. ;
; sprite_y[4..3]      ; Input ; Info     ; Stuck at VCC                                                                                                                                                                        ;
; sprite_y[7..5]      ; Input ; Info     ; Stuck at GND                                                                                                                                                                        ;
; sprite_y[2..0]      ; Input ; Info     ; Stuck at GND                                                                                                                                                                        ;
; sprite_y[9]         ; Input ; Info     ; Stuck at GND                                                                                                                                                                        ;
; sprite_y[8]         ; Input ; Info     ; Stuck at VCC                                                                                                                                                                        ;
; sprite_select[3..2] ; Input ; Info     ; Stuck at VCC                                                                                                                                                                        ;
; sprite_select[1..0] ; Input ; Info     ; Stuck at GND                                                                                                                                                                        ;
+---------------------+-------+----------+-------------------------------------------------------------------------------------------------------------------------------------------------------------------------------------+


+------------------------------------------------------------------------------------------------------------------------------------------------------------------------------------------------------------------------------+
; Port Connectivity Checks: "character_render:ken_dir_attack"                                                                                                                                                                  ;
+---------------------+-------+----------+-------------------------------------------------------------------------------------------------------------------------------------------------------------------------------------+
; Port                ; Type  ; Severity ; Details                                                                                                                                                                             ;
+---------------------+-------+----------+-------------------------------------------------------------------------------------------------------------------------------------------------------------------------------------+
; sprite_y            ; Input ; Warning  ; Input port expression (32 bits) is wider than the input port (10 bits) it drives.  The 22 most-significant bit(s) in the expression will be dangling if they have no other fanouts. ;
; sprite_y[4..3]      ; Input ; Info     ; Stuck at VCC                                                                                                                                                                        ;
; sprite_y[7..5]      ; Input ; Info     ; Stuck at GND                                                                                                                                                                        ;
; sprite_y[2..0]      ; Input ; Info     ; Stuck at GND                                                                                                                                                                        ;
; sprite_y[9]         ; Input ; Info     ; Stuck at GND                                                                                                                                                                        ;
; sprite_y[8]         ; Input ; Info     ; Stuck at VCC                                                                                                                                                                        ;
; sprite_select[1..0] ; Input ; Info     ; Stuck at VCC                                                                                                                                                                        ;
; sprite_select[3]    ; Input ; Info     ; Stuck at VCC                                                                                                                                                                        ;
; sprite_select[2]    ; Input ; Info     ; Stuck at GND                                                                                                                                                                        ;
+---------------------+-------+----------+-------------------------------------------------------------------------------------------------------------------------------------------------------------------------------------+


+------------------------------------------------------------------------------------------------------------------------------------------------------------------------------------------------------------------------------+
; Port Connectivity Checks: "character_render:ken_attack_inst"                                                                                                                                                                 ;
+---------------------+-------+----------+-------------------------------------------------------------------------------------------------------------------------------------------------------------------------------------+
; Port                ; Type  ; Severity ; Details                                                                                                                                                                             ;
+---------------------+-------+----------+-------------------------------------------------------------------------------------------------------------------------------------------------------------------------------------+
; sprite_y            ; Input ; Warning  ; Input port expression (32 bits) is wider than the input port (10 bits) it drives.  The 22 most-significant bit(s) in the expression will be dangling if they have no other fanouts. ;
; sprite_y[4..3]      ; Input ; Info     ; Stuck at VCC                                                                                                                                                                        ;
; sprite_y[7..5]      ; Input ; Info     ; Stuck at GND                                                                                                                                                                        ;
; sprite_y[2..0]      ; Input ; Info     ; Stuck at GND                                                                                                                                                                        ;
; sprite_y[9]         ; Input ; Info     ; Stuck at GND                                                                                                                                                                        ;
; sprite_y[8]         ; Input ; Info     ; Stuck at VCC                                                                                                                                                                        ;
; sprite_select[2..1] ; Input ; Info     ; Stuck at GND                                                                                                                                                                        ;
; sprite_select[3]    ; Input ; Info     ; Stuck at VCC                                                                                                                                                                        ;
; sprite_select[0]    ; Input ; Info     ; Stuck at VCC                                                                                                                                                                        ;
+---------------------+-------+----------+-------------------------------------------------------------------------------------------------------------------------------------------------------------------------------------+


+------------------------------------------------------------------------------------------------------------------------------------------------------------------------------------------------------------------------------+
; Port Connectivity Checks: "character_render:ken_idle"                                                                                                                                                                        ;
+---------------------+-------+----------+-------------------------------------------------------------------------------------------------------------------------------------------------------------------------------------+
; Port                ; Type  ; Severity ; Details                                                                                                                                                                             ;
+---------------------+-------+----------+-------------------------------------------------------------------------------------------------------------------------------------------------------------------------------------+
; sprite_y            ; Input ; Warning  ; Input port expression (32 bits) is wider than the input port (10 bits) it drives.  The 22 most-significant bit(s) in the expression will be dangling if they have no other fanouts. ;
; sprite_y[4..3]      ; Input ; Info     ; Stuck at VCC                                                                                                                                                                        ;
; sprite_y[7..5]      ; Input ; Info     ; Stuck at GND                                                                                                                                                                        ;
; sprite_y[2..0]      ; Input ; Info     ; Stuck at GND                                                                                                                                                                        ;
; sprite_y[9]         ; Input ; Info     ; Stuck at GND                                                                                                                                                                        ;
; sprite_y[8]         ; Input ; Info     ; Stuck at VCC                                                                                                                                                                        ;
; sprite_select[2..0] ; Input ; Info     ; Stuck at GND                                                                                                                                                                        ;
; sprite_select[3]    ; Input ; Info     ; Stuck at VCC                                                                                                                                                                        ;
+---------------------+-------+----------+-------------------------------------------------------------------------------------------------------------------------------------------------------------------------------------+


+---------------------------------------------------------------------------------------------------------------------------------------------------------------------------------------------------------------------------+
; Port Connectivity Checks: "character_render:ryu_lose"                                                                                                                                                                     ;
+------------------+-------+----------+-------------------------------------------------------------------------------------------------------------------------------------------------------------------------------------+
; Port             ; Type  ; Severity ; Details                                                                                                                                                                             ;
+------------------+-------+----------+-------------------------------------------------------------------------------------------------------------------------------------------------------------------------------------+
; sprite_y         ; Input ; Warning  ; Input port expression (32 bits) is wider than the input port (10 bits) it drives.  The 22 most-significant bit(s) in the expression will be dangling if they have no other fanouts. ;
; sprite_y[4..3]   ; Input ; Info     ; Stuck at VCC                                                                                                                                                                        ;
; sprite_y[7..5]   ; Input ; Info     ; Stuck at GND                                                                                                                                                                        ;
; sprite_y[2..0]   ; Input ; Info     ; Stuck at GND                                                                                                                                                                        ;
; sprite_y[9]      ; Input ; Info     ; Stuck at GND                                                                                                                                                                        ;
; sprite_y[8]      ; Input ; Info     ; Stuck at VCC                                                                                                                                                                        ;
; sprite_select[3] ; Input ; Info     ; Stuck at GND                                                                                                                                                                        ;
; sprite_select[2] ; Input ; Info     ; Stuck at VCC                                                                                                                                                                        ;
; sprite_select[1] ; Input ; Info     ; Stuck at GND                                                                                                                                                                        ;
; sprite_select[0] ; Input ; Info     ; Stuck at VCC                                                                                                                                                                        ;
+------------------+-------+----------+-------------------------------------------------------------------------------------------------------------------------------------------------------------------------------------+


+------------------------------------------------------------------------------------------------------------------------------------------------------------------------------------------------------------------------------+
; Port Connectivity Checks: "character_render:ryu_blockstun"                                                                                                                                                                   ;
+---------------------+-------+----------+-------------------------------------------------------------------------------------------------------------------------------------------------------------------------------------+
; Port                ; Type  ; Severity ; Details                                                                                                                                                                             ;
+---------------------+-------+----------+-------------------------------------------------------------------------------------------------------------------------------------------------------------------------------------+
; sprite_y            ; Input ; Warning  ; Input port expression (32 bits) is wider than the input port (10 bits) it drives.  The 22 most-significant bit(s) in the expression will be dangling if they have no other fanouts. ;
; sprite_y[4..3]      ; Input ; Info     ; Stuck at VCC                                                                                                                                                                        ;
; sprite_y[7..5]      ; Input ; Info     ; Stuck at GND                                                                                                                                                                        ;
; sprite_y[2..0]      ; Input ; Info     ; Stuck at GND                                                                                                                                                                        ;
; sprite_y[9]         ; Input ; Info     ; Stuck at GND                                                                                                                                                                        ;
; sprite_y[8]         ; Input ; Info     ; Stuck at VCC                                                                                                                                                                        ;
; sprite_select[3..2] ; Input ; Info     ; Stuck at GND                                                                                                                                                                        ;
; sprite_select[1]    ; Input ; Info     ; Stuck at VCC                                                                                                                                                                        ;
; sprite_select[0]    ; Input ; Info     ; Stuck at GND                                                                                                                                                                        ;
+---------------------+-------+----------+-------------------------------------------------------------------------------------------------------------------------------------------------------------------------------------+


+------------------------------------------------------------------------------------------------------------------------------------------------------------------------------------------------------------------------------+
; Port Connectivity Checks: "character_render:ryu_hitstun"                                                                                                                                                                     ;
+---------------------+-------+----------+-------------------------------------------------------------------------------------------------------------------------------------------------------------------------------------+
; Port                ; Type  ; Severity ; Details                                                                                                                                                                             ;
+---------------------+-------+----------+-------------------------------------------------------------------------------------------------------------------------------------------------------------------------------------+
; sprite_y            ; Input ; Warning  ; Input port expression (32 bits) is wider than the input port (10 bits) it drives.  The 22 most-significant bit(s) in the expression will be dangling if they have no other fanouts. ;
; sprite_y[4..3]      ; Input ; Info     ; Stuck at VCC                                                                                                                                                                        ;
; sprite_y[7..5]      ; Input ; Info     ; Stuck at GND                                                                                                                                                                        ;
; sprite_y[2..0]      ; Input ; Info     ; Stuck at GND                                                                                                                                                                        ;
; sprite_y[9]         ; Input ; Info     ; Stuck at GND                                                                                                                                                                        ;
; sprite_y[8]         ; Input ; Info     ; Stuck at VCC                                                                                                                                                                        ;
; sprite_select[1..0] ; Input ; Info     ; Stuck at GND                                                                                                                                                                        ;
; sprite_select[3]    ; Input ; Info     ; Stuck at GND                                                                                                                                                                        ;
; sprite_select[2]    ; Input ; Info     ; Stuck at VCC                                                                                                                                                                        ;
+---------------------+-------+----------+-------------------------------------------------------------------------------------------------------------------------------------------------------------------------------------+


+------------------------------------------------------------------------------------------------------------------------------------------------------------------------------------------------------------------------------+
; Port Connectivity Checks: "character_render:ryu_dir_attack"                                                                                                                                                                  ;
+---------------------+-------+----------+-------------------------------------------------------------------------------------------------------------------------------------------------------------------------------------+
; Port                ; Type  ; Severity ; Details                                                                                                                                                                             ;
+---------------------+-------+----------+-------------------------------------------------------------------------------------------------------------------------------------------------------------------------------------+
; sprite_y            ; Input ; Warning  ; Input port expression (32 bits) is wider than the input port (10 bits) it drives.  The 22 most-significant bit(s) in the expression will be dangling if they have no other fanouts. ;
; sprite_y[4..3]      ; Input ; Info     ; Stuck at VCC                                                                                                                                                                        ;
; sprite_y[7..5]      ; Input ; Info     ; Stuck at GND                                                                                                                                                                        ;
; sprite_y[2..0]      ; Input ; Info     ; Stuck at GND                                                                                                                                                                        ;
; sprite_y[9]         ; Input ; Info     ; Stuck at GND                                                                                                                                                                        ;
; sprite_y[8]         ; Input ; Info     ; Stuck at VCC                                                                                                                                                                        ;
; sprite_select[1..0] ; Input ; Info     ; Stuck at VCC                                                                                                                                                                        ;
; sprite_select[3..2] ; Input ; Info     ; Stuck at GND                                                                                                                                                                        ;
+---------------------+-------+----------+-------------------------------------------------------------------------------------------------------------------------------------------------------------------------------------+


+------------------------------------------------------------------------------------------------------------------------------------------------------------------------------------------------------------------------------+
; Port Connectivity Checks: "character_render:ryu_attack"                                                                                                                                                                      ;
+---------------------+-------+----------+-------------------------------------------------------------------------------------------------------------------------------------------------------------------------------------+
; Port                ; Type  ; Severity ; Details                                                                                                                                                                             ;
+---------------------+-------+----------+-------------------------------------------------------------------------------------------------------------------------------------------------------------------------------------+
; sprite_y            ; Input ; Warning  ; Input port expression (32 bits) is wider than the input port (10 bits) it drives.  The 22 most-significant bit(s) in the expression will be dangling if they have no other fanouts. ;
; sprite_y[4..3]      ; Input ; Info     ; Stuck at VCC                                                                                                                                                                        ;
; sprite_y[7..5]      ; Input ; Info     ; Stuck at GND                                                                                                                                                                        ;
; sprite_y[2..0]      ; Input ; Info     ; Stuck at GND                                                                                                                                                                        ;
; sprite_y[9]         ; Input ; Info     ; Stuck at GND                                                                                                                                                                        ;
; sprite_y[8]         ; Input ; Info     ; Stuck at VCC                                                                                                                                                                        ;
; sprite_select[3..1] ; Input ; Info     ; Stuck at GND                                                                                                                                                                        ;
; sprite_select[0]    ; Input ; Info     ; Stuck at VCC                                                                                                                                                                        ;
+---------------------+-------+----------+-------------------------------------------------------------------------------------------------------------------------------------------------------------------------------------+


+-------------------------------------------------------------------------------------------------------------------------------------------------------------------------------------------------------------------------+
; Port Connectivity Checks: "character_render:ryu_idle"                                                                                                                                                                   ;
+----------------+-------+----------+-------------------------------------------------------------------------------------------------------------------------------------------------------------------------------------+
; Port           ; Type  ; Severity ; Details                                                                                                                                                                             ;
+----------------+-------+----------+-------------------------------------------------------------------------------------------------------------------------------------------------------------------------------------+
; sprite_y       ; Input ; Warning  ; Input port expression (32 bits) is wider than the input port (10 bits) it drives.  The 22 most-significant bit(s) in the expression will be dangling if they have no other fanouts. ;
; sprite_y[4..3] ; Input ; Info     ; Stuck at VCC                                                                                                                                                                        ;
; sprite_y[7..5] ; Input ; Info     ; Stuck at GND                                                                                                                                                                        ;
; sprite_y[2..0] ; Input ; Info     ; Stuck at GND                                                                                                                                                                        ;
; sprite_y[9]    ; Input ; Info     ; Stuck at GND                                                                                                                                                                        ;
; sprite_y[8]    ; Input ; Info     ; Stuck at VCC                                                                                                                                                                        ;
; sprite_select  ; Input ; Info     ; Stuck at GND                                                                                                                                                                        ;
+----------------+-------+----------+-------------------------------------------------------------------------------------------------------------------------------------------------------------------------------------+


+----------------------------------------------------+
; Port Connectivity Checks: "player2_fsm:ken_fsm"    ;
+------------------+-------+----------+--------------+
; Port             ; Type  ; Severity ; Details      ;
+------------------+-------+----------+--------------+
; blocked_opponent ; Input ; Info     ; Stuck at GND ;
+------------------+-------+----------+--------------+


+----------------------------------------------------------------------------------------------------------------------------+
; Port Connectivity Checks: "bot_fsm:ken_bot"                                                                                ;
+------------------+--------+----------+-------------------------------------------------------------------------------------+
; Port             ; Type   ; Severity ; Details                                                                             ;
+------------------+--------+----------+-------------------------------------------------------------------------------------+
; blocked_opponent ; Input  ; Info     ; Stuck at GND                                                                        ;
; player           ; Output ; Info     ; Connected to dangling logic. Logic that only feeds a dangling port will be removed. ;
; state            ; Output ; Info     ; Connected to dangling logic. Logic that only feeds a dangling port will be removed. ;
; health           ; Output ; Info     ; Connected to dangling logic. Logic that only feeds a dangling port will be removed. ;
; block_points     ; Output ; Info     ; Connected to dangling logic. Logic that only feeds a dangling port will be removed. ;
+------------------+--------+----------+-------------------------------------------------------------------------------------+


+----------------------------------------------------+
; Port Connectivity Checks: "player_fsm:fsm"         ;
+------------------+-------+----------+--------------+
; Port             ; Type  ; Severity ; Details      ;
+------------------+-------+----------+--------------+
; blocked_opponent ; Input ; Info     ; Stuck at GND ;
+------------------+-------+----------+--------------+


+--------------------------------------------------------------------------------------------------------------------------------------+
; Port Connectivity Checks: "vga_driver:vga"                                                                                           ;
+-------+--------+----------+----------------------------------------------------------------------------------------------------------+
; Port  ; Type   ; Severity ; Details                                                                                                  ;
+-------+--------+----------+----------------------------------------------------------------------------------------------------------+
; sync  ; Output ; Warning  ; Declared by entity but not connected by instance. Logic that only feeds a dangling port will be removed. ;
; clk   ; Output ; Warning  ; Declared by entity but not connected by instance. Logic that only feeds a dangling port will be removed. ;
; blank ; Output ; Warning  ; Declared by entity but not connected by instance. Logic that only feeds a dangling port will be removed. ;
+-------+--------+----------+----------------------------------------------------------------------------------------------------------+


+----------------------------------------------------------------------------------------------------------------------------+
; Port Connectivity Checks: "game_over_display:game_overcik"                                                                 ;
+------------------+--------+----------+-------------------------------------------------------------------------------------+
; Port             ; Type   ; Severity ; Details                                                                             ;
+------------------+--------+----------+-------------------------------------------------------------------------------------+
; game_over_active ; Output ; Info     ; Connected to dangling logic. Logic that only feeds a dangling port will be removed. ;
+------------------+--------+----------+-------------------------------------------------------------------------------------+


+------------------------------------------------------------------------------------------------------------------------------------------------------------------------+
; Port Connectivity Checks: "clk_divider:vga_clk_div"                                                                                                                    ;
+------+-------+----------+----------------------------------------------------------------------------------------------------------------------------------------------+
; Port ; Type  ; Severity ; Details                                                                                                                                      ;
+------+-------+----------+----------------------------------------------------------------------------------------------------------------------------------------------+
; rst  ; Input ; Warning  ; Declared by entity but not connected by instance. If a default value exists, it will be used.  Otherwise, the port will be connected to GND. ;
+------+-------+----------+----------------------------------------------------------------------------------------------------------------------------------------------+


+------------------------------------------------------------------------------------------------------------------------------------------------------------------------+
; Port Connectivity Checks: "clk_divider:game_clk_div"                                                                                                                   ;
+------+-------+----------+----------------------------------------------------------------------------------------------------------------------------------------------+
; Port ; Type  ; Severity ; Details                                                                                                                                      ;
+------+-------+----------+----------------------------------------------------------------------------------------------------------------------------------------------+
; rst  ; Input ; Warning  ; Declared by entity but not connected by instance. If a default value exists, it will be used.  Otherwise, the port will be connected to GND. ;
+------+-------+----------+----------------------------------------------------------------------------------------------------------------------------------------------+


+-----------------------------------------------------+
; Post-Synthesis Netlist Statistics for Top Partition ;
+-----------------------+-----------------------------+
; Type                  ; Count                       ;
+-----------------------+-----------------------------+
; arriav_ff             ; 454                         ;
;     CLR               ; 85                          ;
;     CLR SLD           ; 13                          ;
;     ENA               ; 32                          ;
;     ENA CLR           ; 24                          ;
;     ENA SCLR          ; 63                          ;
;     ENA SCLR SLD      ; 4                           ;
;     ENA SLD           ; 1                           ;
;     SCLR              ; 216                         ;
;     SCLR SLD          ; 1                           ;
;     SLD               ; 1                           ;
;     plain             ; 14                          ;
; arriav_lcell_comb     ; 5186                        ;
;     arith             ; 642                         ;
;         0 data inputs ; 44                          ;
;         1 data inputs ; 483                         ;
;         2 data inputs ; 41                          ;
;         3 data inputs ; 58                          ;
;         4 data inputs ; 14                          ;
;         5 data inputs ; 2                           ;
;     extend            ; 385                         ;
;         7 data inputs ; 385                         ;
;     normal            ; 4149                        ;
;         0 data inputs ; 2                           ;
;         1 data inputs ; 4                           ;
;         2 data inputs ; 242                         ;
;         3 data inputs ; 298                         ;
;         4 data inputs ; 826                         ;
;         5 data inputs ; 784                         ;
;         6 data inputs ; 1993                        ;
;     shared            ; 10                          ;
;         0 data inputs ; 2                           ;
;         1 data inputs ; 8                           ;
; boundary_port         ; 99                          ;
; stratixv_ram_block    ; 96                          ;
;                       ;                             ;
; Max LUT depth         ; 13.20                       ;
; Average LUT depth     ; 8.06                        ;
+-----------------------+-----------------------------+


+-------------------------------+
; Elapsed Time Per Partition    ;
+----------------+--------------+
; Partition Name ; Elapsed Time ;
+----------------+--------------+
; Top            ; 00:00:28     ;
+----------------+--------------+


+-------------------------------+
; Analysis & Synthesis Messages ;
+-------------------------------+
Info: *******************************************************************
Info: Running Quartus Prime Analysis & Synthesis
    Info: Version 23.1std.1 Build 993 05/14/2024 SC Lite Edition
    Info: Processing started: Wed Jun 25 07:10:16 2025
Info: Command: quartus_map --read_settings_files=on --write_settings_files=off game -c game
Warning (18236): Number of processors has not been specified which may cause overloading on shared machines.  Set the global assignment NUM_PARALLEL_PROCESSORS in your QSF to an appropriate value for best performance.
Info (20030): Parallel compilation is enabled and will use 6 of the 6 processors detected
Info (12021): Found 1 design units, including 1 entities, in source file bot_fsm.v
    Info (12023): Found entity 1: bot_fsm File: C:/Users/mtalh/Desktop/ee314endtermproject/bot_fsm.v Line: 1
Info (12021): Found 1 design units, including 1 entities, in source file simple_background_rom.v
    Info (12023): Found entity 1: background File: C:/Users/mtalh/Desktop/ee314endtermproject/simple_background_rom.v Line: 1
Info (12021): Found 1 design units, including 1 entities, in source file game.v
    Info (12023): Found entity 1: game File: C:/Users/mtalh/Desktop/ee314endtermproject/game.v Line: 5
Info (12021): Found 1 design units, including 1 entities, in source file player_fsm.v
    Info (12023): Found entity 1: player_fsm File: C:/Users/mtalh/Desktop/ee314endtermproject/player_fsm.v Line: 1
Info (12021): Found 1 design units, including 1 entities, in source file vga_driver.v
    Info (12023): Found entity 1: vga_driver File: C:/Users/mtalh/Desktop/ee314endtermproject/vga_driver.v Line: 1
Info (12021): Found 1 design units, including 1 entities, in source file player2_fsm.v
    Info (12023): Found entity 1: player2_fsm File: C:/Users/mtalh/Desktop/ee314endtermproject/player2_fsm.v Line: 1
Info (12021): Found 1 design units, including 1 entities, in source file character_render.v
    Info (12023): Found entity 1: character_render File: C:/Users/mtalh/Desktop/ee314endtermproject/character_render.v Line: 1
Info (12021): Found 1 design units, including 1 entities, in source file clk_divider.v
    Info (12023): Found entity 1: clk_divider File: C:/Users/mtalh/Desktop/ee314endtermproject/clk_divider.v Line: 1
Info (12021): Found 1 design units, including 1 entities, in source file menu_background.v
    Info (12023): Found entity 1: menu_background File: C:/Users/mtalh/Desktop/ee314endtermproject/menu_background.v Line: 1
Info (12021): Found 1 design units, including 1 entities, in source file countdown_display.v
    Info (12023): Found entity 1: countdown_display File: C:/Users/mtalh/Desktop/ee314endtermproject/countdown_display.v Line: 1
Info (12021): Found 1 design units, including 1 entities, in source file counter_display.v
    Info (12023): Found entity 1: counter_display File: C:/Users/mtalh/Desktop/ee314endtermproject/counter_display.v Line: 1
Info (12021): Found 1 design units, including 1 entities, in source file hit_detection.v
    Info (12023): Found entity 1: hit_detection File: C:/Users/mtalh/Desktop/ee314endtermproject/hit_detection.v Line: 1
Info (12021): Found 1 design units, including 1 entities, in source file health_block_bars.v
    Info (12023): Found entity 1: health_block_bars File: C:/Users/mtalh/Desktop/ee314endtermproject/health_block_bars.v Line: 1
Info (12021): Found 1 design units, including 1 entities, in source file game_over_display.v
    Info (12023): Found entity 1: game_over_display File: C:/Users/mtalh/Desktop/ee314endtermproject/game_over_display.v Line: 1
Info (12021): Found 1 design units, including 1 entities, in source file hexto7seg.v
    Info (12023): Found entity 1: hexto7seg File: C:/Users/mtalh/Desktop/ee314endtermproject/hexto7seg.v Line: 1
Warning (10236): Verilog HDL Implicit Net warning at game.v(153): created implicit net for "game_clk" File: C:/Users/mtalh/Desktop/ee314endtermproject/game.v Line: 153
Warning (10236): Verilog HDL Implicit Net warning at game.v(248): created implicit net for "reset" File: C:/Users/mtalh/Desktop/ee314endtermproject/game.v Line: 248
Info (12127): Elaborating entity "game" for the top level hierarchy
Warning (10036): Verilog HDL or VHDL warning at game.v(68): object "counter_clock" assigned a value but never read File: C:/Users/mtalh/Desktop/ee314endtermproject/game.v Line: 68
Warning (10036): Verilog HDL or VHDL warning at game.v(307): object "sprite_addr" assigned a value but never read File: C:/Users/mtalh/Desktop/ee314endtermproject/game.v Line: 307
Warning (10036): Verilog HDL or VHDL warning at game.v(415): object "is_ryu_blockstun_visual" assigned a value but never read File: C:/Users/mtalh/Desktop/ee314endtermproject/game.v Line: 415
Warning (10036): Verilog HDL or VHDL warning at game.v(432): object "is_ken_blockstun_visual" assigned a value but never read File: C:/Users/mtalh/Desktop/ee314endtermproject/game.v Line: 432
Warning (10036): Verilog HDL or VHDL warning at game.v(507): object "sprite2_addr" assigned a value but never read File: C:/Users/mtalh/Desktop/ee314endtermproject/game.v Line: 507
Warning (10036): Verilog HDL or VHDL warning at game.v(571): object "in_char2_box" assigned a value but never read File: C:/Users/mtalh/Desktop/ee314endtermproject/game.v Line: 571
Warning (10036): Verilog HDL or VHDL warning at game.v(795): object "is_draw" assigned a value but never read File: C:/Users/mtalh/Desktop/ee314endtermproject/game.v Line: 795
Warning (10230): Verilog HDL assignment warning at game.v(109): truncated value with size 32 to match size of target (2) File: C:/Users/mtalh/Desktop/ee314endtermproject/game.v Line: 109
Warning (10230): Verilog HDL assignment warning at game.v(113): truncated value with size 32 to match size of target (26) File: C:/Users/mtalh/Desktop/ee314endtermproject/game.v Line: 113
Warning (10230): Verilog HDL assignment warning at game.v(144): truncated value with size 32 to match size of target (26) File: C:/Users/mtalh/Desktop/ee314endtermproject/game.v Line: 144
Warning (10230): Verilog HDL assignment warning at game.v(178): truncated value with size 32 to match size of target (7) File: C:/Users/mtalh/Desktop/ee314endtermproject/game.v Line: 178
Warning (10230): Verilog HDL assignment warning at game.v(181): truncated value with size 32 to match size of target (6) File: C:/Users/mtalh/Desktop/ee314endtermproject/game.v Line: 181
Warning (10230): Verilog HDL assignment warning at game.v(307): truncated value with size 32 to match size of target (14) File: C:/Users/mtalh/Desktop/ee314endtermproject/game.v Line: 307
Warning (10230): Verilog HDL assignment warning at game.v(507): truncated value with size 32 to match size of target (14) File: C:/Users/mtalh/Desktop/ee314endtermproject/game.v Line: 507
Warning (10230): Verilog HDL assignment warning at game.v(755): truncated value with size 32 to match size of target (25) File: C:/Users/mtalh/Desktop/ee314endtermproject/game.v Line: 755
Warning (10230): Verilog HDL assignment warning at game.v(788): truncated value with size 32 to match size of target (4) File: C:/Users/mtalh/Desktop/ee314endtermproject/game.v Line: 788
Warning (10230): Verilog HDL assignment warning at game.v(789): truncated value with size 32 to match size of target (4) File: C:/Users/mtalh/Desktop/ee314endtermproject/game.v Line: 789
Info (12128): Elaborating entity "clk_divider" for hierarchy "clk_divider:game_clk_div" File: C:/Users/mtalh/Desktop/ee314endtermproject/game.v Line: 160
Info (12128): Elaborating entity "clk_divider" for hierarchy "clk_divider:vga_clk_div" File: C:/Users/mtalh/Desktop/ee314endtermproject/game.v Line: 166
Info (12128): Elaborating entity "game_over_display" for hierarchy "game_over_display:game_overcik" File: C:/Users/mtalh/Desktop/ee314endtermproject/game.v Line: 201
Warning (10230): Verilog HDL assignment warning at game_over_display.v(21): truncated value with size 32 to match size of target (10) File: C:/Users/mtalh/Desktop/ee314endtermproject/game_over_display.v Line: 21
Warning (10230): Verilog HDL assignment warning at game_over_display.v(22): truncated value with size 32 to match size of target (10) File: C:/Users/mtalh/Desktop/ee314endtermproject/game_over_display.v Line: 22
Warning (10230): Verilog HDL assignment warning at game_over_display.v(23): truncated value with size 32 to match size of target (10) File: C:/Users/mtalh/Desktop/ee314endtermproject/game_over_display.v Line: 23
Warning (10230): Verilog HDL assignment warning at game_over_display.v(24): truncated value with size 32 to match size of target (10) File: C:/Users/mtalh/Desktop/ee314endtermproject/game_over_display.v Line: 24
Warning (10230): Verilog HDL assignment warning at game_over_display.v(25): truncated value with size 32 to match size of target (10) File: C:/Users/mtalh/Desktop/ee314endtermproject/game_over_display.v Line: 25
Warning (10230): Verilog HDL assignment warning at game_over_display.v(27): truncated value with size 32 to match size of target (4) File: C:/Users/mtalh/Desktop/ee314endtermproject/game_over_display.v Line: 27
Warning (10230): Verilog HDL assignment warning at game_over_display.v(28): truncated value with size 32 to match size of target (4) File: C:/Users/mtalh/Desktop/ee314endtermproject/game_over_display.v Line: 28
Info (12128): Elaborating entity "health_block_bars" for hierarchy "health_block_bars:bars" File: C:/Users/mtalh/Desktop/ee314endtermproject/game.v Line: 216
Warning (10230): Verilog HDL assignment warning at health_block_bars.v(80): truncated value with size 32 to match size of target (8) File: C:/Users/mtalh/Desktop/ee314endtermproject/health_block_bars.v Line: 80
Warning (10230): Verilog HDL assignment warning at health_block_bars.v(91): truncated value with size 32 to match size of target (8) File: C:/Users/mtalh/Desktop/ee314endtermproject/health_block_bars.v Line: 91
Warning (10230): Verilog HDL assignment warning at health_block_bars.v(92): truncated value with size 32 to match size of target (8) File: C:/Users/mtalh/Desktop/ee314endtermproject/health_block_bars.v Line: 92
Warning (10230): Verilog HDL assignment warning at health_block_bars.v(100): truncated value with size 32 to match size of target (8) File: C:/Users/mtalh/Desktop/ee314endtermproject/health_block_bars.v Line: 100
Warning (10230): Verilog HDL assignment warning at health_block_bars.v(101): truncated value with size 32 to match size of target (8) File: C:/Users/mtalh/Desktop/ee314endtermproject/health_block_bars.v Line: 101
Warning (10230): Verilog HDL assignment warning at health_block_bars.v(109): truncated value with size 32 to match size of target (8) File: C:/Users/mtalh/Desktop/ee314endtermproject/health_block_bars.v Line: 109
Warning (10230): Verilog HDL assignment warning at health_block_bars.v(110): truncated value with size 32 to match size of target (8) File: C:/Users/mtalh/Desktop/ee314endtermproject/health_block_bars.v Line: 110
Warning (10230): Verilog HDL assignment warning at health_block_bars.v(119): truncated value with size 32 to match size of target (8) File: C:/Users/mtalh/Desktop/ee314endtermproject/health_block_bars.v Line: 119
Warning (10230): Verilog HDL assignment warning at health_block_bars.v(120): truncated value with size 32 to match size of target (8) File: C:/Users/mtalh/Desktop/ee314endtermproject/health_block_bars.v Line: 120
Warning (10230): Verilog HDL assignment warning at health_block_bars.v(128): truncated value with size 32 to match size of target (8) File: C:/Users/mtalh/Desktop/ee314endtermproject/health_block_bars.v Line: 128
Warning (10230): Verilog HDL assignment warning at health_block_bars.v(129): truncated value with size 32 to match size of target (8) File: C:/Users/mtalh/Desktop/ee314endtermproject/health_block_bars.v Line: 129
Warning (10230): Verilog HDL assignment warning at health_block_bars.v(137): truncated value with size 32 to match size of target (8) File: C:/Users/mtalh/Desktop/ee314endtermproject/health_block_bars.v Line: 137
Warning (10230): Verilog HDL assignment warning at health_block_bars.v(138): truncated value with size 32 to match size of target (8) File: C:/Users/mtalh/Desktop/ee314endtermproject/health_block_bars.v Line: 138
Warning (10230): Verilog HDL assignment warning at health_block_bars.v(147): truncated value with size 32 to match size of target (8) File: C:/Users/mtalh/Desktop/ee314endtermproject/health_block_bars.v Line: 147
Warning (10230): Verilog HDL assignment warning at health_block_bars.v(148): truncated value with size 32 to match size of target (8) File: C:/Users/mtalh/Desktop/ee314endtermproject/health_block_bars.v Line: 148
Warning (10230): Verilog HDL assignment warning at health_block_bars.v(156): truncated value with size 32 to match size of target (8) File: C:/Users/mtalh/Desktop/ee314endtermproject/health_block_bars.v Line: 156
Warning (10230): Verilog HDL assignment warning at health_block_bars.v(157): truncated value with size 32 to match size of target (8) File: C:/Users/mtalh/Desktop/ee314endtermproject/health_block_bars.v Line: 157
Warning (10230): Verilog HDL assignment warning at health_block_bars.v(165): truncated value with size 32 to match size of target (8) File: C:/Users/mtalh/Desktop/ee314endtermproject/health_block_bars.v Line: 165
Warning (10230): Verilog HDL assignment warning at health_block_bars.v(166): truncated value with size 32 to match size of target (8) File: C:/Users/mtalh/Desktop/ee314endtermproject/health_block_bars.v Line: 166
Warning (10230): Verilog HDL assignment warning at health_block_bars.v(175): truncated value with size 32 to match size of target (8) File: C:/Users/mtalh/Desktop/ee314endtermproject/health_block_bars.v Line: 175
Warning (10230): Verilog HDL assignment warning at health_block_bars.v(176): truncated value with size 32 to match size of target (8) File: C:/Users/mtalh/Desktop/ee314endtermproject/health_block_bars.v Line: 176
Warning (10230): Verilog HDL assignment warning at health_block_bars.v(184): truncated value with size 32 to match size of target (8) File: C:/Users/mtalh/Desktop/ee314endtermproject/health_block_bars.v Line: 184
Warning (10230): Verilog HDL assignment warning at health_block_bars.v(185): truncated value with size 32 to match size of target (8) File: C:/Users/mtalh/Desktop/ee314endtermproject/health_block_bars.v Line: 185
Warning (10230): Verilog HDL assignment warning at health_block_bars.v(193): truncated value with size 32 to match size of target (8) File: C:/Users/mtalh/Desktop/ee314endtermproject/health_block_bars.v Line: 193
Warning (10230): Verilog HDL assignment warning at health_block_bars.v(194): truncated value with size 32 to match size of target (8) File: C:/Users/mtalh/Desktop/ee314endtermproject/health_block_bars.v Line: 194
Warning (10030): Net "health_bar_full.data_a" at health_block_bars.v(27) has no driver or initial value, using a default initial value '0' File: C:/Users/mtalh/Desktop/ee314endtermproject/health_block_bars.v Line: 27
Warning (10030): Net "health_bar_full.waddr_a" at health_block_bars.v(27) has no driver or initial value, using a default initial value '0' File: C:/Users/mtalh/Desktop/ee314endtermproject/health_block_bars.v Line: 27
Warning (10030): Net "health_bar_empty.data_a" at health_block_bars.v(28) has no driver or initial value, using a default initial value '0' File: C:/Users/mtalh/Desktop/ee314endtermproject/health_block_bars.v Line: 28
Warning (10030): Net "health_bar_empty.waddr_a" at health_block_bars.v(28) has no driver or initial value, using a default initial value '0' File: C:/Users/mtalh/Desktop/ee314endtermproject/health_block_bars.v Line: 28
Warning (10030): Net "block_bar_full.data_a" at health_block_bars.v(30) has no driver or initial value, using a default initial value '0' File: C:/Users/mtalh/Desktop/ee314endtermproject/health_block_bars.v Line: 30
Warning (10030): Net "block_bar_full.waddr_a" at health_block_bars.v(30) has no driver or initial value, using a default initial value '0' File: C:/Users/mtalh/Desktop/ee314endtermproject/health_block_bars.v Line: 30
Warning (10030): Net "block_bar_empty.data_a" at health_block_bars.v(31) has no driver or initial value, using a default initial value '0' File: C:/Users/mtalh/Desktop/ee314endtermproject/health_block_bars.v Line: 31
Warning (10030): Net "block_bar_empty.waddr_a" at health_block_bars.v(31) has no driver or initial value, using a default initial value '0' File: C:/Users/mtalh/Desktop/ee314endtermproject/health_block_bars.v Line: 31
Warning (10030): Net "health_bar_full.we_a" at health_block_bars.v(27) has no driver or initial value, using a default initial value '0' File: C:/Users/mtalh/Desktop/ee314endtermproject/health_block_bars.v Line: 27
Warning (10030): Net "health_bar_empty.we_a" at health_block_bars.v(28) has no driver or initial value, using a default initial value '0' File: C:/Users/mtalh/Desktop/ee314endtermproject/health_block_bars.v Line: 28
Warning (10030): Net "block_bar_full.we_a" at health_block_bars.v(30) has no driver or initial value, using a default initial value '0' File: C:/Users/mtalh/Desktop/ee314endtermproject/health_block_bars.v Line: 30
Warning (10030): Net "block_bar_empty.we_a" at health_block_bars.v(31) has no driver or initial value, using a default initial value '0' File: C:/Users/mtalh/Desktop/ee314endtermproject/health_block_bars.v Line: 31
Info (12128): Elaborating entity "menu_background" for hierarchy "menu_background:menu_bg" File: C:/Users/mtalh/Desktop/ee314endtermproject/game.v Line: 237
Warning (10230): Verilog HDL assignment warning at menu_background.v(20): truncated value with size 32 to match size of target (15) File: C:/Users/mtalh/Desktop/ee314endtermproject/menu_background.v Line: 20
Warning (10030): Net "image_memory.data_a" at menu_background.v(22) has no driver or initial value, using a default initial value '0' File: C:/Users/mtalh/Desktop/ee314endtermproject/menu_background.v Line: 22
Warning (10030): Net "image_memory.waddr_a" at menu_background.v(22) has no driver or initial value, using a default initial value '0' File: C:/Users/mtalh/Desktop/ee314endtermproject/menu_background.v Line: 22
Warning (10030): Net "image_memory.we_a" at menu_background.v(22) has no driver or initial value, using a default initial value '0' File: C:/Users/mtalh/Desktop/ee314endtermproject/menu_background.v Line: 22
Info (12128): Elaborating entity "vga_driver" for hierarchy "vga_driver:vga" File: C:/Users/mtalh/Desktop/ee314endtermproject/game.v Line: 269
Info (12128): Elaborating entity "player_fsm" for hierarchy "player_fsm:fsm" File: C:/Users/mtalh/Desktop/ee314endtermproject/game.v Line: 305
Warning (10230): Verilog HDL assignment warning at player_fsm.v(77): truncated value with size 32 to match size of target (2) File: C:/Users/mtalh/Desktop/ee314endtermproject/player_fsm.v Line: 77
Warning (10230): Verilog HDL assignment warning at player_fsm.v(79): truncated value with size 32 to match size of target (2) File: C:/Users/mtalh/Desktop/ee314endtermproject/player_fsm.v Line: 79
Warning (10230): Verilog HDL assignment warning at player_fsm.v(85): truncated value with size 32 to match size of target (10) File: C:/Users/mtalh/Desktop/ee314endtermproject/player_fsm.v Line: 85
Warning (10230): Verilog HDL assignment warning at player_fsm.v(87): truncated value with size 32 to match size of target (10) File: C:/Users/mtalh/Desktop/ee314endtermproject/player_fsm.v Line: 87
Info (10264): Verilog HDL Case Statement information at player_fsm.v(83): all case item expressions in this case statement are onehot File: C:/Users/mtalh/Desktop/ee314endtermproject/player_fsm.v Line: 83
Warning (10230): Verilog HDL assignment warning at player_fsm.v(100): truncated value with size 32 to match size of target (5) File: C:/Users/mtalh/Desktop/ee314endtermproject/player_fsm.v Line: 100
Info (12128): Elaborating entity "bot_fsm" for hierarchy "bot_fsm:ken_bot" File: C:/Users/mtalh/Desktop/ee314endtermproject/game.v Line: 334
Warning (10230): Verilog HDL assignment warning at bot_fsm.v(93): truncated value with size 32 to match size of target (8) File: C:/Users/mtalh/Desktop/ee314endtermproject/bot_fsm.v Line: 93
Warning (10230): Verilog HDL assignment warning at bot_fsm.v(164): truncated value with size 32 to match size of target (2) File: C:/Users/mtalh/Desktop/ee314endtermproject/bot_fsm.v Line: 164
Warning (10230): Verilog HDL assignment warning at bot_fsm.v(166): truncated value with size 32 to match size of target (2) File: C:/Users/mtalh/Desktop/ee314endtermproject/bot_fsm.v Line: 166
Warning (10230): Verilog HDL assignment warning at bot_fsm.v(173): truncated value with size 32 to match size of target (10) File: C:/Users/mtalh/Desktop/ee314endtermproject/bot_fsm.v Line: 173
Warning (10230): Verilog HDL assignment warning at bot_fsm.v(175): truncated value with size 32 to match size of target (10) File: C:/Users/mtalh/Desktop/ee314endtermproject/bot_fsm.v Line: 175
Info (10264): Verilog HDL Case Statement information at bot_fsm.v(171): all case item expressions in this case statement are onehot File: C:/Users/mtalh/Desktop/ee314endtermproject/bot_fsm.v Line: 171
Warning (10230): Verilog HDL assignment warning at bot_fsm.v(188): truncated value with size 32 to match size of target (5) File: C:/Users/mtalh/Desktop/ee314endtermproject/bot_fsm.v Line: 188
Info (12128): Elaborating entity "player2_fsm" for hierarchy "player2_fsm:ken_fsm" File: C:/Users/mtalh/Desktop/ee314endtermproject/game.v Line: 355
Warning (10230): Verilog HDL assignment warning at player2_fsm.v(79): truncated value with size 32 to match size of target (2) File: C:/Users/mtalh/Desktop/ee314endtermproject/player2_fsm.v Line: 79
Warning (10230): Verilog HDL assignment warning at player2_fsm.v(81): truncated value with size 32 to match size of target (2) File: C:/Users/mtalh/Desktop/ee314endtermproject/player2_fsm.v Line: 81
Warning (10230): Verilog HDL assignment warning at player2_fsm.v(87): truncated value with size 32 to match size of target (10) File: C:/Users/mtalh/Desktop/ee314endtermproject/player2_fsm.v Line: 87
Warning (10230): Verilog HDL assignment warning at player2_fsm.v(89): truncated value with size 32 to match size of target (10) File: C:/Users/mtalh/Desktop/ee314endtermproject/player2_fsm.v Line: 89
Info (10264): Verilog HDL Case Statement information at player2_fsm.v(85): all case item expressions in this case statement are onehot File: C:/Users/mtalh/Desktop/ee314endtermproject/player2_fsm.v Line: 85
Warning (10230): Verilog HDL assignment warning at player2_fsm.v(102): truncated value with size 32 to match size of target (5) File: C:/Users/mtalh/Desktop/ee314endtermproject/player2_fsm.v Line: 102
Info (12128): Elaborating entity "hit_detection" for hierarchy "hit_detection:hit_detectcik" File: C:/Users/mtalh/Desktop/ee314endtermproject/game.v Line: 375
Warning (10230): Verilog HDL assignment warning at hit_detection.v(44): truncated value with size 32 to match size of target (10) File: C:/Users/mtalh/Desktop/ee314endtermproject/hit_detection.v Line: 44
Warning (10230): Verilog HDL assignment warning at hit_detection.v(45): truncated value with size 32 to match size of target (10) File: C:/Users/mtalh/Desktop/ee314endtermproject/hit_detection.v Line: 45
Warning (10230): Verilog HDL assignment warning at hit_detection.v(46): truncated value with size 32 to match size of target (10) File: C:/Users/mtalh/Desktop/ee314endtermproject/hit_detection.v Line: 46
Warning (10230): Verilog HDL assignment warning at hit_detection.v(47): truncated value with size 32 to match size of target (10) File: C:/Users/mtalh/Desktop/ee314endtermproject/hit_detection.v Line: 47
Warning (10230): Verilog HDL assignment warning at hit_detection.v(50): truncated value with size 32 to match size of target (10) File: C:/Users/mtalh/Desktop/ee314endtermproject/hit_detection.v Line: 50
Warning (10230): Verilog HDL assignment warning at hit_detection.v(51): truncated value with size 32 to match size of target (10) File: C:/Users/mtalh/Desktop/ee314endtermproject/hit_detection.v Line: 51
Warning (10230): Verilog HDL assignment warning at hit_detection.v(52): truncated value with size 32 to match size of target (10) File: C:/Users/mtalh/Desktop/ee314endtermproject/hit_detection.v Line: 52
Warning (10230): Verilog HDL assignment warning at hit_detection.v(53): truncated value with size 32 to match size of target (10) File: C:/Users/mtalh/Desktop/ee314endtermproject/hit_detection.v Line: 53
Warning (10230): Verilog HDL assignment warning at hit_detection.v(60): truncated value with size 32 to match size of target (10) File: C:/Users/mtalh/Desktop/ee314endtermproject/hit_detection.v Line: 60
Warning (10230): Verilog HDL assignment warning at hit_detection.v(61): truncated value with size 32 to match size of target (10) File: C:/Users/mtalh/Desktop/ee314endtermproject/hit_detection.v Line: 61
Warning (10230): Verilog HDL assignment warning at hit_detection.v(62): truncated value with size 32 to match size of target (10) File: C:/Users/mtalh/Desktop/ee314endtermproject/hit_detection.v Line: 62
Warning (10230): Verilog HDL assignment warning at hit_detection.v(63): truncated value with size 32 to match size of target (10) File: C:/Users/mtalh/Desktop/ee314endtermproject/hit_detection.v Line: 63
Warning (10230): Verilog HDL assignment warning at hit_detection.v(66): truncated value with size 32 to match size of target (10) File: C:/Users/mtalh/Desktop/ee314endtermproject/hit_detection.v Line: 66
Warning (10230): Verilog HDL assignment warning at hit_detection.v(67): truncated value with size 32 to match size of target (10) File: C:/Users/mtalh/Desktop/ee314endtermproject/hit_detection.v Line: 67
Warning (10230): Verilog HDL assignment warning at hit_detection.v(68): truncated value with size 32 to match size of target (10) File: C:/Users/mtalh/Desktop/ee314endtermproject/hit_detection.v Line: 68
Warning (10230): Verilog HDL assignment warning at hit_detection.v(69): truncated value with size 32 to match size of target (10) File: C:/Users/mtalh/Desktop/ee314endtermproject/hit_detection.v Line: 69
Warning (10230): Verilog HDL assignment warning at hit_detection.v(73): truncated value with size 32 to match size of target (10) File: C:/Users/mtalh/Desktop/ee314endtermproject/hit_detection.v Line: 73
Warning (10230): Verilog HDL assignment warning at hit_detection.v(74): truncated value with size 32 to match size of target (10) File: C:/Users/mtalh/Desktop/ee314endtermproject/hit_detection.v Line: 74
Warning (10230): Verilog HDL assignment warning at hit_detection.v(75): truncated value with size 32 to match size of target (10) File: C:/Users/mtalh/Desktop/ee314endtermproject/hit_detection.v Line: 75
Warning (10230): Verilog HDL assignment warning at hit_detection.v(76): truncated value with size 32 to match size of target (10) File: C:/Users/mtalh/Desktop/ee314endtermproject/hit_detection.v Line: 76
Warning (10230): Verilog HDL assignment warning at hit_detection.v(79): truncated value with size 32 to match size of target (10) File: C:/Users/mtalh/Desktop/ee314endtermproject/hit_detection.v Line: 79
Warning (10230): Verilog HDL assignment warning at hit_detection.v(80): truncated value with size 32 to match size of target (10) File: C:/Users/mtalh/Desktop/ee314endtermproject/hit_detection.v Line: 80
Warning (10230): Verilog HDL assignment warning at hit_detection.v(81): truncated value with size 32 to match size of target (10) File: C:/Users/mtalh/Desktop/ee314endtermproject/hit_detection.v Line: 81
Warning (10230): Verilog HDL assignment warning at hit_detection.v(82): truncated value with size 32 to match size of target (10) File: C:/Users/mtalh/Desktop/ee314endtermproject/hit_detection.v Line: 82
Info (12128): Elaborating entity "countdown_display" for hierarchy "countdown_display:countdown_disp" File: C:/Users/mtalh/Desktop/ee314endtermproject/game.v Line: 390
Warning (10036): Verilog HDL or VHDL warning at countdown_display.v(80): object "in_go_area" assigned a value but never read File: C:/Users/mtalh/Desktop/ee314endtermproject/countdown_display.v Line: 80
Warning (10230): Verilog HDL assignment warning at countdown_display.v(71): truncated value with size 32 to match size of target (3) File: C:/Users/mtalh/Desktop/ee314endtermproject/countdown_display.v Line: 71
Warning (10230): Verilog HDL assignment warning at countdown_display.v(72): truncated value with size 32 to match size of target (3) File: C:/Users/mtalh/Desktop/ee314endtermproject/countdown_display.v Line: 72
Warning (10230): Verilog HDL assignment warning at countdown_display.v(76): truncated value with size 32 to match size of target (3) File: C:/Users/mtalh/Desktop/ee314endtermproject/countdown_display.v Line: 76
Warning (10230): Verilog HDL assignment warning at countdown_display.v(77): truncated value with size 32 to match size of target (3) File: C:/Users/mtalh/Desktop/ee314endtermproject/countdown_display.v Line: 77
Warning (10030): Net "digit_3.waddr_a" at countdown_display.v(9) has no driver or initial value, using a default initial value '0' File: C:/Users/mtalh/Desktop/ee314endtermproject/countdown_display.v Line: 9
Warning (10030): Net "digit_2.waddr_a" at countdown_display.v(10) has no driver or initial value, using a default initial value '0' File: C:/Users/mtalh/Desktop/ee314endtermproject/countdown_display.v Line: 10
Warning (10030): Net "digit_1.waddr_a" at countdown_display.v(11) has no driver or initial value, using a default initial value '0' File: C:/Users/mtalh/Desktop/ee314endtermproject/countdown_display.v Line: 11
Warning (10030): Net "letter_G.waddr_a" at countdown_display.v(14) has no driver or initial value, using a default initial value '0' File: C:/Users/mtalh/Desktop/ee314endtermproject/countdown_display.v Line: 14
Warning (10030): Net "letter_O.waddr_a" at countdown_display.v(15) has no driver or initial value, using a default initial value '0' File: C:/Users/mtalh/Desktop/ee314endtermproject/countdown_display.v Line: 15
Warning (10030): Net "digit_3.data_a" at countdown_display.v(9) has no driver or initial value, using a default initial value '0' File: C:/Users/mtalh/Desktop/ee314endtermproject/countdown_display.v Line: 9
Warning (10030): Net "digit_3.we_a" at countdown_display.v(9) has no driver or initial value, using a default initial value '0' File: C:/Users/mtalh/Desktop/ee314endtermproject/countdown_display.v Line: 9
Warning (10030): Net "digit_2.data_a" at countdown_display.v(10) has no driver or initial value, using a default initial value '0' File: C:/Users/mtalh/Desktop/ee314endtermproject/countdown_display.v Line: 10
Warning (10030): Net "digit_2.we_a" at countdown_display.v(10) has no driver or initial value, using a default initial value '0' File: C:/Users/mtalh/Desktop/ee314endtermproject/countdown_display.v Line: 10
Warning (10030): Net "digit_1.data_a" at countdown_display.v(11) has no driver or initial value, using a default initial value '0' File: C:/Users/mtalh/Desktop/ee314endtermproject/countdown_display.v Line: 11
Warning (10030): Net "digit_1.we_a" at countdown_display.v(11) has no driver or initial value, using a default initial value '0' File: C:/Users/mtalh/Desktop/ee314endtermproject/countdown_display.v Line: 11
Warning (10030): Net "letter_G.data_a" at countdown_display.v(14) has no driver or initial value, using a default initial value '0' File: C:/Users/mtalh/Desktop/ee314endtermproject/countdown_display.v Line: 14
Warning (10030): Net "letter_G.we_a" at countdown_display.v(14) has no driver or initial value, using a default initial value '0' File: C:/Users/mtalh/Desktop/ee314endtermproject/countdown_display.v Line: 14
Warning (10030): Net "letter_O.data_a" at countdown_display.v(15) has no driver or initial value, using a default initial value '0' File: C:/Users/mtalh/Desktop/ee314endtermproject/countdown_display.v Line: 15
Warning (10030): Net "letter_O.we_a" at countdown_display.v(15) has no driver or initial value, using a default initial value '0' File: C:/Users/mtalh/Desktop/ee314endtermproject/countdown_display.v Line: 15
Info (12128): Elaborating entity "counter_display" for hierarchy "counter_display:counter_disp" File: C:/Users/mtalh/Desktop/ee314endtermproject/game.v Line: 403
Warning (10230): Verilog HDL assignment warning at counter_display.v(124): truncated value with size 32 to match size of target (4) File: C:/Users/mtalh/Desktop/ee314endtermproject/counter_display.v Line: 124
Warning (10230): Verilog HDL assignment warning at counter_display.v(125): truncated value with size 32 to match size of target (4) File: C:/Users/mtalh/Desktop/ee314endtermproject/counter_display.v Line: 125
Warning (10230): Verilog HDL assignment warning at counter_display.v(128): truncated value with size 32 to match size of target (3) File: C:/Users/mtalh/Desktop/ee314endtermproject/counter_display.v Line: 128
Warning (10230): Verilog HDL assignment warning at counter_display.v(129): truncated value with size 32 to match size of target (3) File: C:/Users/mtalh/Desktop/ee314endtermproject/counter_display.v Line: 129
Warning (10230): Verilog HDL assignment warning at counter_display.v(130): truncated value with size 32 to match size of target (3) File: C:/Users/mtalh/Desktop/ee314endtermproject/counter_display.v Line: 130
Warning (10030): Net "digit_0.waddr_a" at counter_display.v(10) has no driver or initial value, using a default initial value '0' File: C:/Users/mtalh/Desktop/ee314endtermproject/counter_display.v Line: 10
Warning (10030): Net "digit_1.waddr_a" at counter_display.v(11) has no driver or initial value, using a default initial value '0' File: C:/Users/mtalh/Desktop/ee314endtermproject/counter_display.v Line: 11
Warning (10030): Net "digit_2.waddr_a" at counter_display.v(12) has no driver or initial value, using a default initial value '0' File: C:/Users/mtalh/Desktop/ee314endtermproject/counter_display.v Line: 12
Warning (10030): Net "digit_3.waddr_a" at counter_display.v(13) has no driver or initial value, using a default initial value '0' File: C:/Users/mtalh/Desktop/ee314endtermproject/counter_display.v Line: 13
Warning (10030): Net "digit_4.waddr_a" at counter_display.v(14) has no driver or initial value, using a default initial value '0' File: C:/Users/mtalh/Desktop/ee314endtermproject/counter_display.v Line: 14
Warning (10030): Net "digit_5.waddr_a" at counter_display.v(15) has no driver or initial value, using a default initial value '0' File: C:/Users/mtalh/Desktop/ee314endtermproject/counter_display.v Line: 15
Warning (10030): Net "digit_6.waddr_a" at counter_display.v(16) has no driver or initial value, using a default initial value '0' File: C:/Users/mtalh/Desktop/ee314endtermproject/counter_display.v Line: 16
Warning (10030): Net "digit_7.waddr_a" at counter_display.v(17) has no driver or initial value, using a default initial value '0' File: C:/Users/mtalh/Desktop/ee314endtermproject/counter_display.v Line: 17
Warning (10030): Net "digit_8.waddr_a" at counter_display.v(18) has no driver or initial value, using a default initial value '0' File: C:/Users/mtalh/Desktop/ee314endtermproject/counter_display.v Line: 18
Warning (10030): Net "digit_9.waddr_a" at counter_display.v(19) has no driver or initial value, using a default initial value '0' File: C:/Users/mtalh/Desktop/ee314endtermproject/counter_display.v Line: 19
Warning (10030): Net "digit_0.data_a" at counter_display.v(10) has no driver or initial value, using a default initial value '0' File: C:/Users/mtalh/Desktop/ee314endtermproject/counter_display.v Line: 10
Warning (10030): Net "digit_0.we_a" at counter_display.v(10) has no driver or initial value, using a default initial value '0' File: C:/Users/mtalh/Desktop/ee314endtermproject/counter_display.v Line: 10
Warning (10030): Net "digit_1.data_a" at counter_display.v(11) has no driver or initial value, using a default initial value '0' File: C:/Users/mtalh/Desktop/ee314endtermproject/counter_display.v Line: 11
Warning (10030): Net "digit_1.we_a" at counter_display.v(11) has no driver or initial value, using a default initial value '0' File: C:/Users/mtalh/Desktop/ee314endtermproject/counter_display.v Line: 11
Warning (10030): Net "digit_2.data_a" at counter_display.v(12) has no driver or initial value, using a default initial value '0' File: C:/Users/mtalh/Desktop/ee314endtermproject/counter_display.v Line: 12
Warning (10030): Net "digit_2.we_a" at counter_display.v(12) has no driver or initial value, using a default initial value '0' File: C:/Users/mtalh/Desktop/ee314endtermproject/counter_display.v Line: 12
Warning (10030): Net "digit_3.data_a" at counter_display.v(13) has no driver or initial value, using a default initial value '0' File: C:/Users/mtalh/Desktop/ee314endtermproject/counter_display.v Line: 13
Warning (10030): Net "digit_3.we_a" at counter_display.v(13) has no driver or initial value, using a default initial value '0' File: C:/Users/mtalh/Desktop/ee314endtermproject/counter_display.v Line: 13
Warning (10030): Net "digit_4.data_a" at counter_display.v(14) has no driver or initial value, using a default initial value '0' File: C:/Users/mtalh/Desktop/ee314endtermproject/counter_display.v Line: 14
Warning (10030): Net "digit_4.we_a" at counter_display.v(14) has no driver or initial value, using a default initial value '0' File: C:/Users/mtalh/Desktop/ee314endtermproject/counter_display.v Line: 14
Warning (10030): Net "digit_5.data_a" at counter_display.v(15) has no driver or initial value, using a default initial value '0' File: C:/Users/mtalh/Desktop/ee314endtermproject/counter_display.v Line: 15
Warning (10030): Net "digit_5.we_a" at counter_display.v(15) has no driver or initial value, using a default initial value '0' File: C:/Users/mtalh/Desktop/ee314endtermproject/counter_display.v Line: 15
Warning (10030): Net "digit_6.data_a" at counter_display.v(16) has no driver or initial value, using a default initial value '0' File: C:/Users/mtalh/Desktop/ee314endtermproject/counter_display.v Line: 16
Warning (10030): Net "digit_6.we_a" at counter_display.v(16) has no driver or initial value, using a default initial value '0' File: C:/Users/mtalh/Desktop/ee314endtermproject/counter_display.v Line: 16
Warning (10030): Net "digit_7.data_a" at counter_display.v(17) has no driver or initial value, using a default initial value '0' File: C:/Users/mtalh/Desktop/ee314endtermproject/counter_display.v Line: 17
Warning (10030): Net "digit_7.we_a" at counter_display.v(17) has no driver or initial value, using a default initial value '0' File: C:/Users/mtalh/Desktop/ee314endtermproject/counter_display.v Line: 17
Warning (10030): Net "digit_8.data_a" at counter_display.v(18) has no driver or initial value, using a default initial value '0' File: C:/Users/mtalh/Desktop/ee314endtermproject/counter_display.v Line: 18
Warning (10030): Net "digit_8.we_a" at counter_display.v(18) has no driver or initial value, using a default initial value '0' File: C:/Users/mtalh/Desktop/ee314endtermproject/counter_display.v Line: 18
Warning (10030): Net "digit_9.data_a" at counter_display.v(19) has no driver or initial value, using a default initial value '0' File: C:/Users/mtalh/Desktop/ee314endtermproject/counter_display.v Line: 19
Warning (10030): Net "digit_9.we_a" at counter_display.v(19) has no driver or initial value, using a default initial value '0' File: C:/Users/mtalh/Desktop/ee314endtermproject/counter_display.v Line: 19
Info (12128): Elaborating entity "character_render" for hierarchy "character_render:ryu_idle" File: C:/Users/mtalh/Desktop/ee314endtermproject/game.v Line: 452
Warning (10850): Verilog HDL warning at character_render.v(32): number of words (1920) in memory file does not match the number of elements in the address range [0:3839] File: C:/Users/mtalh/Desktop/ee314endtermproject/character_render.v Line: 32
Warning (10850): Verilog HDL warning at character_render.v(33): number of words (1920) in memory file does not match the number of elements in the address range [0:3839] File: C:/Users/mtalh/Desktop/ee314endtermproject/character_render.v Line: 33
Warning (10850): Verilog HDL warning at character_render.v(34): number of words (1920) in memory file does not match the number of elements in the address range [0:3839] File: C:/Users/mtalh/Desktop/ee314endtermproject/character_render.v Line: 34
Warning (10850): Verilog HDL warning at character_render.v(35): number of words (1920) in memory file does not match the number of elements in the address range [0:3839] File: C:/Users/mtalh/Desktop/ee314endtermproject/character_render.v Line: 35
Warning (10850): Verilog HDL warning at character_render.v(36): number of words (7680) in memory file does not match the number of elements in the address range [0:3839] File: C:/Users/mtalh/Desktop/ee314endtermproject/character_render.v Line: 36
Warning (10850): Verilog HDL warning at character_render.v(37): number of words (7680) in memory file does not match the number of elements in the address range [0:3839] File: C:/Users/mtalh/Desktop/ee314endtermproject/character_render.v Line: 37
Warning (10850): Verilog HDL warning at character_render.v(38): number of words (1920) in memory file does not match the number of elements in the address range [0:3839] File: C:/Users/mtalh/Desktop/ee314endtermproject/character_render.v Line: 38
Warning (10850): Verilog HDL warning at character_render.v(39): number of words (1920) in memory file does not match the number of elements in the address range [0:3839] File: C:/Users/mtalh/Desktop/ee314endtermproject/character_render.v Line: 39
Warning (10850): Verilog HDL warning at character_render.v(40): number of words (1920) in memory file does not match the number of elements in the address range [0:3839] File: C:/Users/mtalh/Desktop/ee314endtermproject/character_render.v Line: 40
Warning (10850): Verilog HDL warning at character_render.v(41): number of words (1920) in memory file does not match the number of elements in the address range [0:3839] File: C:/Users/mtalh/Desktop/ee314endtermproject/character_render.v Line: 41
Warning (10850): Verilog HDL warning at character_render.v(42): number of words (120) in memory file does not match the number of elements in the address range [0:3839] File: C:/Users/mtalh/Desktop/ee314endtermproject/character_render.v Line: 42
Warning (10230): Verilog HDL assignment warning at ken_stun.hex(1): truncated value with size 2048 to match size of target (8) File: C:/Users/mtalh/Desktop/ee314endtermproject/ken_stun.hex Line: 1
Warning (10230): Verilog HDL assignment warning at ken_stun.hex(2): truncated value with size 2048 to match size of target (8) File: C:/Users/mtalh/Desktop/ee314endtermproject/ken_stun.hex Line: 2
Warning (10230): Verilog HDL assignment warning at ken_stun.hex(3): truncated value with size 2048 to match size of target (8) File: C:/Users/mtalh/Desktop/ee314endtermproject/ken_stun.hex Line: 3
Warning (10230): Verilog HDL assignment warning at ken_stun.hex(4): truncated value with size 2048 to match size of target (8) File: C:/Users/mtalh/Desktop/ee314endtermproject/ken_stun.hex Line: 4
Warning (10230): Verilog HDL assignment warning at ken_stun.hex(5): truncated value with size 2048 to match size of target (8) File: C:/Users/mtalh/Desktop/ee314endtermproject/ken_stun.hex Line: 5
Warning (10230): Verilog HDL assignment warning at ken_stun.hex(6): truncated value with size 2048 to match size of target (8) File: C:/Users/mtalh/Desktop/ee314endtermproject/ken_stun.hex Line: 6
Warning (10230): Verilog HDL assignment warning at ken_stun.hex(7): truncated value with size 2048 to match size of target (8) File: C:/Users/mtalh/Desktop/ee314endtermproject/ken_stun.hex Line: 7
Warning (10230): Verilog HDL assignment warning at ken_stun.hex(8): truncated value with size 2048 to match size of target (8) File: C:/Users/mtalh/Desktop/ee314endtermproject/ken_stun.hex Line: 8
Warning (10230): Verilog HDL assignment warning at ken_stun.hex(9): truncated value with size 2048 to match size of target (8) File: C:/Users/mtalh/Desktop/ee314endtermproject/ken_stun.hex Line: 9
Warning (10230): Verilog HDL assignment warning at ken_stun.hex(10): truncated value with size 2048 to match size of target (8) File: C:/Users/mtalh/Desktop/ee314endtermproject/ken_stun.hex Line: 10
Warning (10230): Verilog HDL assignment warning at ken_stun.hex(11): truncated value with size 2048 to match size of target (8) File: C:/Users/mtalh/Desktop/ee314endtermproject/ken_stun.hex Line: 11
Warning (10230): Verilog HDL assignment warning at ken_stun.hex(12): truncated value with size 2048 to match size of target (8) File: C:/Users/mtalh/Desktop/ee314endtermproject/ken_stun.hex Line: 12
Warning (10230): Verilog HDL assignment warning at ken_stun.hex(13): truncated value with size 2048 to match size of target (8) File: C:/Users/mtalh/Desktop/ee314endtermproject/ken_stun.hex Line: 13
Warning (10230): Verilog HDL assignment warning at ken_stun.hex(14): truncated value with size 2048 to match size of target (8) File: C:/Users/mtalh/Desktop/ee314endtermproject/ken_stun.hex Line: 14
Warning (10230): Verilog HDL assignment warning at ken_stun.hex(15): truncated value with size 2048 to match size of target (8) File: C:/Users/mtalh/Desktop/ee314endtermproject/ken_stun.hex Line: 15
Warning (10230): Verilog HDL assignment warning at ken_stun.hex(16): truncated value with size 2048 to match size of target (8) File: C:/Users/mtalh/Desktop/ee314endtermproject/ken_stun.hex Line: 16
Warning (10230): Verilog HDL assignment warning at ken_stun.hex(17): truncated value with size 2048 to match size of target (8) File: C:/Users/mtalh/Desktop/ee314endtermproject/ken_stun.hex Line: 17
Warning (10230): Verilog HDL assignment warning at ken_stun.hex(18): truncated value with size 2048 to match size of target (8) File: C:/Users/mtalh/Desktop/ee314endtermproject/ken_stun.hex Line: 18
Warning (10230): Verilog HDL assignment warning at ken_stun.hex(19): truncated value with size 2048 to match size of target (8) File: C:/Users/mtalh/Desktop/ee314endtermproject/ken_stun.hex Line: 19
Warning (10230): Verilog HDL assignment warning at ken_stun.hex(20): truncated value with size 2048 to match size of target (8) File: C:/Users/mtalh/Desktop/ee314endtermproject/ken_stun.hex Line: 20
Warning (10230): Verilog HDL assignment warning at ken_stun.hex(21): truncated value with size 2048 to match size of target (8) File: C:/Users/mtalh/Desktop/ee314endtermproject/ken_stun.hex Line: 21
Warning (10230): Verilog HDL assignment warning at ken_stun.hex(22): truncated value with size 2048 to match size of target (8) File: C:/Users/mtalh/Desktop/ee314endtermproject/ken_stun.hex Line: 22
Warning (10230): Verilog HDL assignment warning at ken_stun.hex(23): truncated value with size 2048 to match size of target (8) File: C:/Users/mtalh/Desktop/ee314endtermproject/ken_stun.hex Line: 23
Warning (10230): Verilog HDL assignment warning at ken_stun.hex(24): truncated value with size 2048 to match size of target (8) File: C:/Users/mtalh/Desktop/ee314endtermproject/ken_stun.hex Line: 24
Warning (10230): Verilog HDL assignment warning at ken_stun.hex(25): truncated value with size 2048 to match size of target (8) File: C:/Users/mtalh/Desktop/ee314endtermproject/ken_stun.hex Line: 25
Warning (10230): Verilog HDL assignment warning at ken_stun.hex(26): truncated value with size 2048 to match size of target (8) File: C:/Users/mtalh/Desktop/ee314endtermproject/ken_stun.hex Line: 26
Warning (10230): Verilog HDL assignment warning at ken_stun.hex(27): truncated value with size 2048 to match size of target (8) File: C:/Users/mtalh/Desktop/ee314endtermproject/ken_stun.hex Line: 27
Warning (10230): Verilog HDL assignment warning at ken_stun.hex(28): truncated value with size 2048 to match size of target (8) File: C:/Users/mtalh/Desktop/ee314endtermproject/ken_stun.hex Line: 28
Warning (10230): Verilog HDL assignment warning at ken_stun.hex(29): truncated value with size 2048 to match size of target (8) File: C:/Users/mtalh/Desktop/ee314endtermproject/ken_stun.hex Line: 29
Warning (10230): Verilog HDL assignment warning at ken_stun.hex(30): truncated value with size 2048 to match size of target (8) File: C:/Users/mtalh/Desktop/ee314endtermproject/ken_stun.hex Line: 30
Warning (10230): Verilog HDL assignment warning at ken_stun.hex(31): truncated value with size 2048 to match size of target (8) File: C:/Users/mtalh/Desktop/ee314endtermproject/ken_stun.hex Line: 31
Warning (10230): Verilog HDL assignment warning at ken_stun.hex(32): truncated value with size 2048 to match size of target (8) File: C:/Users/mtalh/Desktop/ee314endtermproject/ken_stun.hex Line: 32
Warning (10230): Verilog HDL assignment warning at ken_stun.hex(33): truncated value with size 2048 to match size of target (8) File: C:/Users/mtalh/Desktop/ee314endtermproject/ken_stun.hex Line: 33
Warning (10230): Verilog HDL assignment warning at ken_stun.hex(34): truncated value with size 2048 to match size of target (8) File: C:/Users/mtalh/Desktop/ee314endtermproject/ken_stun.hex Line: 34
Warning (10230): Verilog HDL assignment warning at ken_stun.hex(35): truncated value with size 2048 to match size of target (8) File: C:/Users/mtalh/Desktop/ee314endtermproject/ken_stun.hex Line: 35
Warning (10230): Verilog HDL assignment warning at ken_stun.hex(36): truncated value with size 2048 to match size of target (8) File: C:/Users/mtalh/Desktop/ee314endtermproject/ken_stun.hex Line: 36
Warning (10230): Verilog HDL assignment warning at ken_stun.hex(37): truncated value with size 2048 to match size of target (8) File: C:/Users/mtalh/Desktop/ee314endtermproject/ken_stun.hex Line: 37
Warning (10230): Verilog HDL assignment warning at ken_stun.hex(38): truncated value with size 2048 to match size of target (8) File: C:/Users/mtalh/Desktop/ee314endtermproject/ken_stun.hex Line: 38
Warning (10230): Verilog HDL assignment warning at ken_stun.hex(39): truncated value with size 2048 to match size of target (8) File: C:/Users/mtalh/Desktop/ee314endtermproject/ken_stun.hex Line: 39
Warning (10230): Verilog HDL assignment warning at ken_stun.hex(40): truncated value with size 2048 to match size of target (8) File: C:/Users/mtalh/Desktop/ee314endtermproject/ken_stun.hex Line: 40
Warning (10230): Verilog HDL assignment warning at ken_stun.hex(41): truncated value with size 2048 to match size of target (8) File: C:/Users/mtalh/Desktop/ee314endtermproject/ken_stun.hex Line: 41
Warning (10230): Verilog HDL assignment warning at ken_stun.hex(42): truncated value with size 2048 to match size of target (8) File: C:/Users/mtalh/Desktop/ee314endtermproject/ken_stun.hex Line: 42
Warning (10230): Verilog HDL assignment warning at ken_stun.hex(43): truncated value with size 2048 to match size of target (8) File: C:/Users/mtalh/Desktop/ee314endtermproject/ken_stun.hex Line: 43
Warning (10230): Verilog HDL assignment warning at ken_stun.hex(44): truncated value with size 2048 to match size of target (8) File: C:/Users/mtalh/Desktop/ee314endtermproject/ken_stun.hex Line: 44
Warning (10230): Verilog HDL assignment warning at ken_stun.hex(45): truncated value with size 2048 to match size of target (8) File: C:/Users/mtalh/Desktop/ee314endtermproject/ken_stun.hex Line: 45
Warning (10230): Verilog HDL assignment warning at ken_stun.hex(46): truncated value with size 2048 to match size of target (8) File: C:/Users/mtalh/Desktop/ee314endtermproject/ken_stun.hex Line: 46
Warning (10230): Verilog HDL assignment warning at ken_stun.hex(47): truncated value with size 2048 to match size of target (8) File: C:/Users/mtalh/Desktop/ee314endtermproject/ken_stun.hex Line: 47
Warning (10230): Verilog HDL assignment warning at ken_stun.hex(48): truncated value with size 2048 to match size of target (8) File: C:/Users/mtalh/Desktop/ee314endtermproject/ken_stun.hex Line: 48
Warning (10230): Verilog HDL assignment warning at ken_stun.hex(49): truncated value with size 2048 to match size of target (8) File: C:/Users/mtalh/Desktop/ee314endtermproject/ken_stun.hex Line: 49
Warning (10230): Verilog HDL assignment warning at ken_stun.hex(50): truncated value with size 2048 to match size of target (8) File: C:/Users/mtalh/Desktop/ee314endtermproject/ken_stun.hex Line: 50
Warning (10230): Verilog HDL assignment warning at ken_stun.hex(51): truncated value with size 2048 to match size of target (8) File: C:/Users/mtalh/Desktop/ee314endtermproject/ken_stun.hex Line: 51
Warning (10230): Verilog HDL assignment warning at ken_stun.hex(52): truncated value with size 2048 to match size of target (8) File: C:/Users/mtalh/Desktop/ee314endtermproject/ken_stun.hex Line: 52
Warning (10230): Verilog HDL assignment warning at ken_stun.hex(53): truncated value with size 2048 to match size of target (8) File: C:/Users/mtalh/Desktop/ee314endtermproject/ken_stun.hex Line: 53
Warning (10230): Verilog HDL assignment warning at ken_stun.hex(54): truncated value with size 2048 to match size of target (8) File: C:/Users/mtalh/Desktop/ee314endtermproject/ken_stun.hex Line: 54
Warning (10230): Verilog HDL assignment warning at ken_stun.hex(55): truncated value with size 2048 to match size of target (8) File: C:/Users/mtalh/Desktop/ee314endtermproject/ken_stun.hex Line: 55
Warning (10230): Verilog HDL assignment warning at ken_stun.hex(56): truncated value with size 2048 to match size of target (8) File: C:/Users/mtalh/Desktop/ee314endtermproject/ken_stun.hex Line: 56
Warning (10230): Verilog HDL assignment warning at ken_stun.hex(57): truncated value with size 2048 to match size of target (8) File: C:/Users/mtalh/Desktop/ee314endtermproject/ken_stun.hex Line: 57
Warning (10230): Verilog HDL assignment warning at ken_stun.hex(58): truncated value with size 2048 to match size of target (8) File: C:/Users/mtalh/Desktop/ee314endtermproject/ken_stun.hex Line: 58
Warning (10230): Verilog HDL assignment warning at ken_stun.hex(59): truncated value with size 2048 to match size of target (8) File: C:/Users/mtalh/Desktop/ee314endtermproject/ken_stun.hex Line: 59
Warning (10230): Verilog HDL assignment warning at ken_stun.hex(60): truncated value with size 2048 to match size of target (8) File: C:/Users/mtalh/Desktop/ee314endtermproject/ken_stun.hex Line: 60
Warning (10230): Verilog HDL assignment warning at ken_stun.hex(61): truncated value with size 2048 to match size of target (8) File: C:/Users/mtalh/Desktop/ee314endtermproject/ken_stun.hex Line: 61
Warning (10230): Verilog HDL assignment warning at ken_stun.hex(62): truncated value with size 2048 to match size of target (8) File: C:/Users/mtalh/Desktop/ee314endtermproject/ken_stun.hex Line: 62
Warning (10230): Verilog HDL assignment warning at ken_stun.hex(63): truncated value with size 2048 to match size of target (8) File: C:/Users/mtalh/Desktop/ee314endtermproject/ken_stun.hex Line: 63
Warning (10230): Verilog HDL assignment warning at ken_stun.hex(64): truncated value with size 2048 to match size of target (8) File: C:/Users/mtalh/Desktop/ee314endtermproject/ken_stun.hex Line: 64
Warning (10230): Verilog HDL assignment warning at ken_stun.hex(65): truncated value with size 2048 to match size of target (8) File: C:/Users/mtalh/Desktop/ee314endtermproject/ken_stun.hex Line: 65
Warning (10230): Verilog HDL assignment warning at ken_stun.hex(66): truncated value with size 2048 to match size of target (8) File: C:/Users/mtalh/Desktop/ee314endtermproject/ken_stun.hex Line: 66
Warning (10230): Verilog HDL assignment warning at ken_stun.hex(67): truncated value with size 2048 to match size of target (8) File: C:/Users/mtalh/Desktop/ee314endtermproject/ken_stun.hex Line: 67
Warning (10230): Verilog HDL assignment warning at ken_stun.hex(68): truncated value with size 2048 to match size of target (8) File: C:/Users/mtalh/Desktop/ee314endtermproject/ken_stun.hex Line: 68
Warning (10230): Verilog HDL assignment warning at ken_stun.hex(69): truncated value with size 2048 to match size of target (8) File: C:/Users/mtalh/Desktop/ee314endtermproject/ken_stun.hex Line: 69
Warning (10230): Verilog HDL assignment warning at ken_stun.hex(70): truncated value with size 2048 to match size of target (8) File: C:/Users/mtalh/Desktop/ee314endtermproject/ken_stun.hex Line: 70
Warning (10230): Verilog HDL assignment warning at ken_stun.hex(71): truncated value with size 2048 to match size of target (8) File: C:/Users/mtalh/Desktop/ee314endtermproject/ken_stun.hex Line: 71
Warning (10230): Verilog HDL assignment warning at ken_stun.hex(72): truncated value with size 2048 to match size of target (8) File: C:/Users/mtalh/Desktop/ee314endtermproject/ken_stun.hex Line: 72
Warning (10230): Verilog HDL assignment warning at ken_stun.hex(73): truncated value with size 2048 to match size of target (8) File: C:/Users/mtalh/Desktop/ee314endtermproject/ken_stun.hex Line: 73
Warning (10230): Verilog HDL assignment warning at ken_stun.hex(74): truncated value with size 2048 to match size of target (8) File: C:/Users/mtalh/Desktop/ee314endtermproject/ken_stun.hex Line: 74
Warning (10230): Verilog HDL assignment warning at ken_stun.hex(75): truncated value with size 2048 to match size of target (8) File: C:/Users/mtalh/Desktop/ee314endtermproject/ken_stun.hex Line: 75
Warning (10230): Verilog HDL assignment warning at ken_stun.hex(76): truncated value with size 2048 to match size of target (8) File: C:/Users/mtalh/Desktop/ee314endtermproject/ken_stun.hex Line: 76
Warning (10230): Verilog HDL assignment warning at ken_stun.hex(77): truncated value with size 2048 to match size of target (8) File: C:/Users/mtalh/Desktop/ee314endtermproject/ken_stun.hex Line: 77
Warning (10230): Verilog HDL assignment warning at ken_stun.hex(78): truncated value with size 2048 to match size of target (8) File: C:/Users/mtalh/Desktop/ee314endtermproject/ken_stun.hex Line: 78
Warning (10230): Verilog HDL assignment warning at ken_stun.hex(79): truncated value with size 2048 to match size of target (8) File: C:/Users/mtalh/Desktop/ee314endtermproject/ken_stun.hex Line: 79
Warning (10230): Verilog HDL assignment warning at ken_stun.hex(80): truncated value with size 2048 to match size of target (8) File: C:/Users/mtalh/Desktop/ee314endtermproject/ken_stun.hex Line: 80
Warning (10230): Verilog HDL assignment warning at ken_stun.hex(81): truncated value with size 2048 to match size of target (8) File: C:/Users/mtalh/Desktop/ee314endtermproject/ken_stun.hex Line: 81
Warning (10230): Verilog HDL assignment warning at ken_stun.hex(82): truncated value with size 2048 to match size of target (8) File: C:/Users/mtalh/Desktop/ee314endtermproject/ken_stun.hex Line: 82
Warning (10230): Verilog HDL assignment warning at ken_stun.hex(83): truncated value with size 2048 to match size of target (8) File: C:/Users/mtalh/Desktop/ee314endtermproject/ken_stun.hex Line: 83
Warning (10230): Verilog HDL assignment warning at ken_stun.hex(84): truncated value with size 2048 to match size of target (8) File: C:/Users/mtalh/Desktop/ee314endtermproject/ken_stun.hex Line: 84
Warning (10230): Verilog HDL assignment warning at ken_stun.hex(85): truncated value with size 2048 to match size of target (8) File: C:/Users/mtalh/Desktop/ee314endtermproject/ken_stun.hex Line: 85
Warning (10230): Verilog HDL assignment warning at ken_stun.hex(86): truncated value with size 2048 to match size of target (8) File: C:/Users/mtalh/Desktop/ee314endtermproject/ken_stun.hex Line: 86
Warning (10230): Verilog HDL assignment warning at ken_stun.hex(87): truncated value with size 2048 to match size of target (8) File: C:/Users/mtalh/Desktop/ee314endtermproject/ken_stun.hex Line: 87
Warning (10230): Verilog HDL assignment warning at ken_stun.hex(88): truncated value with size 2048 to match size of target (8) File: C:/Users/mtalh/Desktop/ee314endtermproject/ken_stun.hex Line: 88
Warning (10230): Verilog HDL assignment warning at ken_stun.hex(89): truncated value with size 2048 to match size of target (8) File: C:/Users/mtalh/Desktop/ee314endtermproject/ken_stun.hex Line: 89
Warning (10230): Verilog HDL assignment warning at ken_stun.hex(90): truncated value with size 2048 to match size of target (8) File: C:/Users/mtalh/Desktop/ee314endtermproject/ken_stun.hex Line: 90
Warning (10230): Verilog HDL assignment warning at ken_stun.hex(91): truncated value with size 2048 to match size of target (8) File: C:/Users/mtalh/Desktop/ee314endtermproject/ken_stun.hex Line: 91
Warning (10230): Verilog HDL assignment warning at ken_stun.hex(92): truncated value with size 2048 to match size of target (8) File: C:/Users/mtalh/Desktop/ee314endtermproject/ken_stun.hex Line: 92
Warning (10230): Verilog HDL assignment warning at ken_stun.hex(93): truncated value with size 2048 to match size of target (8) File: C:/Users/mtalh/Desktop/ee314endtermproject/ken_stun.hex Line: 93
Warning (10230): Verilog HDL assignment warning at ken_stun.hex(94): truncated value with size 2048 to match size of target (8) File: C:/Users/mtalh/Desktop/ee314endtermproject/ken_stun.hex Line: 94
Warning (10230): Verilog HDL assignment warning at ken_stun.hex(95): truncated value with size 2048 to match size of target (8) File: C:/Users/mtalh/Desktop/ee314endtermproject/ken_stun.hex Line: 95
Warning (10230): Verilog HDL assignment warning at ken_stun.hex(96): truncated value with size 2048 to match size of target (8) File: C:/Users/mtalh/Desktop/ee314endtermproject/ken_stun.hex Line: 96
Warning (10230): Verilog HDL assignment warning at ken_stun.hex(97): truncated value with size 2048 to match size of target (8) File: C:/Users/mtalh/Desktop/ee314endtermproject/ken_stun.hex Line: 97
Warning (10230): Verilog HDL assignment warning at ken_stun.hex(98): truncated value with size 2048 to match size of target (8) File: C:/Users/mtalh/Desktop/ee314endtermproject/ken_stun.hex Line: 98
Warning (10230): Verilog HDL assignment warning at ken_stun.hex(99): truncated value with size 2048 to match size of target (8) File: C:/Users/mtalh/Desktop/ee314endtermproject/ken_stun.hex Line: 99
Warning (10230): Verilog HDL assignment warning at ken_stun.hex(100): truncated value with size 2048 to match size of target (8) File: C:/Users/mtalh/Desktop/ee314endtermproject/ken_stun.hex Line: 100
Warning (10230): Verilog HDL assignment warning at ken_stun.hex(101): truncated value with size 2048 to match size of target (8) File: C:/Users/mtalh/Desktop/ee314endtermproject/ken_stun.hex Line: 101
Warning (10230): Verilog HDL assignment warning at ken_stun.hex(102): truncated value with size 2048 to match size of target (8) File: C:/Users/mtalh/Desktop/ee314endtermproject/ken_stun.hex Line: 102
Warning (10230): Verilog HDL assignment warning at ken_stun.hex(103): truncated value with size 2048 to match size of target (8) File: C:/Users/mtalh/Desktop/ee314endtermproject/ken_stun.hex Line: 103
Warning (10230): Verilog HDL assignment warning at ken_stun.hex(104): truncated value with size 2048 to match size of target (8) File: C:/Users/mtalh/Desktop/ee314endtermproject/ken_stun.hex Line: 104
Warning (10230): Verilog HDL assignment warning at ken_stun.hex(105): truncated value with size 2048 to match size of target (8) File: C:/Users/mtalh/Desktop/ee314endtermproject/ken_stun.hex Line: 105
Warning (10230): Verilog HDL assignment warning at ken_stun.hex(106): truncated value with size 2048 to match size of target (8) File: C:/Users/mtalh/Desktop/ee314endtermproject/ken_stun.hex Line: 106
Warning (10230): Verilog HDL assignment warning at ken_stun.hex(107): truncated value with size 2048 to match size of target (8) File: C:/Users/mtalh/Desktop/ee314endtermproject/ken_stun.hex Line: 107
Warning (10230): Verilog HDL assignment warning at ken_stun.hex(108): truncated value with size 2048 to match size of target (8) File: C:/Users/mtalh/Desktop/ee314endtermproject/ken_stun.hex Line: 108
Warning (10230): Verilog HDL assignment warning at ken_stun.hex(109): truncated value with size 2048 to match size of target (8) File: C:/Users/mtalh/Desktop/ee314endtermproject/ken_stun.hex Line: 109
Warning (10230): Verilog HDL assignment warning at ken_stun.hex(110): truncated value with size 2048 to match size of target (8) File: C:/Users/mtalh/Desktop/ee314endtermproject/ken_stun.hex Line: 110
Warning (10230): Verilog HDL assignment warning at ken_stun.hex(111): truncated value with size 2048 to match size of target (8) File: C:/Users/mtalh/Desktop/ee314endtermproject/ken_stun.hex Line: 111
Warning (10230): Verilog HDL assignment warning at ken_stun.hex(112): truncated value with size 2048 to match size of target (8) File: C:/Users/mtalh/Desktop/ee314endtermproject/ken_stun.hex Line: 112
Warning (10230): Verilog HDL assignment warning at ken_stun.hex(113): truncated value with size 2048 to match size of target (8) File: C:/Users/mtalh/Desktop/ee314endtermproject/ken_stun.hex Line: 113
Warning (10230): Verilog HDL assignment warning at ken_stun.hex(114): truncated value with size 2048 to match size of target (8) File: C:/Users/mtalh/Desktop/ee314endtermproject/ken_stun.hex Line: 114
Warning (10230): Verilog HDL assignment warning at ken_stun.hex(115): truncated value with size 2048 to match size of target (8) File: C:/Users/mtalh/Desktop/ee314endtermproject/ken_stun.hex Line: 115
Warning (10230): Verilog HDL assignment warning at ken_stun.hex(116): truncated value with size 2048 to match size of target (8) File: C:/Users/mtalh/Desktop/ee314endtermproject/ken_stun.hex Line: 116
Warning (10230): Verilog HDL assignment warning at ken_stun.hex(117): truncated value with size 2048 to match size of target (8) File: C:/Users/mtalh/Desktop/ee314endtermproject/ken_stun.hex Line: 117
Warning (10230): Verilog HDL assignment warning at ken_stun.hex(118): truncated value with size 2048 to match size of target (8) File: C:/Users/mtalh/Desktop/ee314endtermproject/ken_stun.hex Line: 118
Warning (10230): Verilog HDL assignment warning at ken_stun.hex(119): truncated value with size 2048 to match size of target (8) File: C:/Users/mtalh/Desktop/ee314endtermproject/ken_stun.hex Line: 119
Warning (10230): Verilog HDL assignment warning at ken_stun.hex(120): truncated value with size 2048 to match size of target (8) File: C:/Users/mtalh/Desktop/ee314endtermproject/ken_stun.hex Line: 120
Warning (10850): Verilog HDL warning at character_render.v(43): number of words (7680) in memory file does not match the number of elements in the address range [0:3839] File: C:/Users/mtalh/Desktop/ee314endtermproject/character_render.v Line: 43
Warning (10230): Verilog HDL assignment warning at character_render.v(53): truncated value with size 32 to match size of target (13) File: C:/Users/mtalh/Desktop/ee314endtermproject/character_render.v Line: 53
Warning (10030): Net "ryu_idle_rom.data_a" at character_render.v(18) has no driver or initial value, using a default initial value '0' File: C:/Users/mtalh/Desktop/ee314endtermproject/character_render.v Line: 18
Warning (10030): Net "ryu_idle_rom.waddr_a" at character_render.v(18) has no driver or initial value, using a default initial value '0' File: C:/Users/mtalh/Desktop/ee314endtermproject/character_render.v Line: 18
Warning (10030): Net "ryu_attack_rom.data_a" at character_render.v(19) has no driver or initial value, using a default initial value '0' File: C:/Users/mtalh/Desktop/ee314endtermproject/character_render.v Line: 19
Warning (10030): Net "ryu_attack_rom.waddr_a" at character_render.v(19) has no driver or initial value, using a default initial value '0' File: C:/Users/mtalh/Desktop/ee314endtermproject/character_render.v Line: 19
Warning (10030): Net "ryu_block_rom.data_a" at character_render.v(20) has no driver or initial value, using a default initial value '0' File: C:/Users/mtalh/Desktop/ee314endtermproject/character_render.v Line: 20
Warning (10030): Net "ryu_block_rom.waddr_a" at character_render.v(20) has no driver or initial value, using a default initial value '0' File: C:/Users/mtalh/Desktop/ee314endtermproject/character_render.v Line: 20
Warning (10030): Net "ryu_dir_attack_rom.data_a" at character_render.v(21) has no driver or initial value, using a default initial value '0' File: C:/Users/mtalh/Desktop/ee314endtermproject/character_render.v Line: 21
Warning (10030): Net "ryu_dir_attack_rom.waddr_a" at character_render.v(21) has no driver or initial value, using a default initial value '0' File: C:/Users/mtalh/Desktop/ee314endtermproject/character_render.v Line: 21
Warning (10030): Net "ryu_stun_rom.data_a" at character_render.v(22) has no driver or initial value, using a default initial value '0' File: C:/Users/mtalh/Desktop/ee314endtermproject/character_render.v Line: 22
Warning (10030): Net "ryu_stun_rom.waddr_a" at character_render.v(22) has no driver or initial value, using a default initial value '0' File: C:/Users/mtalh/Desktop/ee314endtermproject/character_render.v Line: 22
Warning (10030): Net "ryu_lose_rom.data_a" at character_render.v(23) has no driver or initial value, using a default initial value '0' File: C:/Users/mtalh/Desktop/ee314endtermproject/character_render.v Line: 23
Warning (10030): Net "ryu_lose_rom.waddr_a" at character_render.v(23) has no driver or initial value, using a default initial value '0' File: C:/Users/mtalh/Desktop/ee314endtermproject/character_render.v Line: 23
Warning (10030): Net "ken_idle_rom.data_a" at character_render.v(24) has no driver or initial value, using a default initial value '0' File: C:/Users/mtalh/Desktop/ee314endtermproject/character_render.v Line: 24
Warning (10030): Net "ken_idle_rom.waddr_a" at character_render.v(24) has no driver or initial value, using a default initial value '0' File: C:/Users/mtalh/Desktop/ee314endtermproject/character_render.v Line: 24
Warning (10030): Net "ken_attack_rom.data_a" at character_render.v(25) has no driver or initial value, using a default initial value '0' File: C:/Users/mtalh/Desktop/ee314endtermproject/character_render.v Line: 25
Warning (10030): Net "ken_attack_rom.waddr_a" at character_render.v(25) has no driver or initial value, using a default initial value '0' File: C:/Users/mtalh/Desktop/ee314endtermproject/character_render.v Line: 25
Warning (10030): Net "ken_block_rom.data_a" at character_render.v(26) has no driver or initial value, using a default initial value '0' File: C:/Users/mtalh/Desktop/ee314endtermproject/character_render.v Line: 26
Warning (10030): Net "ken_block_rom.waddr_a" at character_render.v(26) has no driver or initial value, using a default initial value '0' File: C:/Users/mtalh/Desktop/ee314endtermproject/character_render.v Line: 26
Warning (10030): Net "ken_dir_attack_rom.data_a" at character_render.v(27) has no driver or initial value, using a default initial value '0' File: C:/Users/mtalh/Desktop/ee314endtermproject/character_render.v Line: 27
Warning (10030): Net "ken_dir_attack_rom.waddr_a" at character_render.v(27) has no driver or initial value, using a default initial value '0' File: C:/Users/mtalh/Desktop/ee314endtermproject/character_render.v Line: 27
Warning (10030): Net "ken_stun_rom.data_a" at character_render.v(28) has no driver or initial value, using a default initial value '0' File: C:/Users/mtalh/Desktop/ee314endtermproject/character_render.v Line: 28
Warning (10030): Net "ken_stun_rom.waddr_a" at character_render.v(28) has no driver or initial value, using a default initial value '0' File: C:/Users/mtalh/Desktop/ee314endtermproject/character_render.v Line: 28
Warning (10030): Net "ken_lose_rom.data_a" at character_render.v(29) has no driver or initial value, using a default initial value '0' File: C:/Users/mtalh/Desktop/ee314endtermproject/character_render.v Line: 29
Warning (10030): Net "ken_lose_rom.waddr_a" at character_render.v(29) has no driver or initial value, using a default initial value '0' File: C:/Users/mtalh/Desktop/ee314endtermproject/character_render.v Line: 29
Warning (10030): Net "ryu_idle_rom.we_a" at character_render.v(18) has no driver or initial value, using a default initial value '0' File: C:/Users/mtalh/Desktop/ee314endtermproject/character_render.v Line: 18
Warning (10030): Net "ryu_attack_rom.we_a" at character_render.v(19) has no driver or initial value, using a default initial value '0' File: C:/Users/mtalh/Desktop/ee314endtermproject/character_render.v Line: 19
Warning (10030): Net "ryu_block_rom.we_a" at character_render.v(20) has no driver or initial value, using a default initial value '0' File: C:/Users/mtalh/Desktop/ee314endtermproject/character_render.v Line: 20
Warning (10030): Net "ryu_dir_attack_rom.we_a" at character_render.v(21) has no driver or initial value, using a default initial value '0' File: C:/Users/mtalh/Desktop/ee314endtermproject/character_render.v Line: 21
Warning (10030): Net "ryu_stun_rom.we_a" at character_render.v(22) has no driver or initial value, using a default initial value '0' File: C:/Users/mtalh/Desktop/ee314endtermproject/character_render.v Line: 22
Warning (10030): Net "ryu_lose_rom.we_a" at character_render.v(23) has no driver or initial value, using a default initial value '0' File: C:/Users/mtalh/Desktop/ee314endtermproject/character_render.v Line: 23
Warning (10030): Net "ken_idle_rom.we_a" at character_render.v(24) has no driver or initial value, using a default initial value '0' File: C:/Users/mtalh/Desktop/ee314endtermproject/character_render.v Line: 24
Warning (10030): Net "ken_attack_rom.we_a" at character_render.v(25) has no driver or initial value, using a default initial value '0' File: C:/Users/mtalh/Desktop/ee314endtermproject/character_render.v Line: 25
Warning (10030): Net "ken_block_rom.we_a" at character_render.v(26) has no driver or initial value, using a default initial value '0' File: C:/Users/mtalh/Desktop/ee314endtermproject/character_render.v Line: 26
Warning (10030): Net "ken_dir_attack_rom.we_a" at character_render.v(27) has no driver or initial value, using a default initial value '0' File: C:/Users/mtalh/Desktop/ee314endtermproject/character_render.v Line: 27
Warning (10030): Net "ken_stun_rom.we_a" at character_render.v(28) has no driver or initial value, using a default initial value '0' File: C:/Users/mtalh/Desktop/ee314endtermproject/character_render.v Line: 28
Warning (10030): Net "ken_lose_rom.we_a" at character_render.v(29) has no driver or initial value, using a default initial value '0' File: C:/Users/mtalh/Desktop/ee314endtermproject/character_render.v Line: 29
Info (12128): Elaborating entity "background" for hierarchy "background:background_inst" File: C:/Users/mtalh/Desktop/ee314endtermproject/game.v Line: 579
Warning (10230): Verilog HDL assignment warning at simple_background_rom.v(20): truncated value with size 32 to match size of target (15) File: C:/Users/mtalh/Desktop/ee314endtermproject/simple_background_rom.v Line: 20
Warning (10030): Net "image_memory.data_a" at simple_background_rom.v(22) has no driver or initial value, using a default initial value '0' File: C:/Users/mtalh/Desktop/ee314endtermproject/simple_background_rom.v Line: 22
Warning (10030): Net "image_memory.waddr_a" at simple_background_rom.v(22) has no driver or initial value, using a default initial value '0' File: C:/Users/mtalh/Desktop/ee314endtermproject/simple_background_rom.v Line: 22
Warning (10030): Net "image_memory.we_a" at simple_background_rom.v(22) has no driver or initial value, using a default initial value '0' File: C:/Users/mtalh/Desktop/ee314endtermproject/simple_background_rom.v Line: 22
Info (12128): Elaborating entity "hexto7seg" for hierarchy "hexto7seg:countdown_display_hex" File: C:/Users/mtalh/Desktop/ee314endtermproject/game.v Line: 767
Warning (19016): Clock multiplexers are found and protected
    Warning (19017): Found clock multiplexer game_clk File: C:/Users/mtalh/Desktop/ee314endtermproject/game.v Line: 153
    Warning (19017): Found clock multiplexer player2_fsm:ken_fsm|game_clk File: C:/Users/mtalh/Desktop/ee314endtermproject/player2_fsm.v Line: 34
    Warning (19017): Found clock multiplexer bot_fsm:ken_bot|game_clk File: C:/Users/mtalh/Desktop/ee314endtermproject/bot_fsm.v Line: 34
    Warning (19017): Found clock multiplexer player_fsm:fsm|game_clk File: C:/Users/mtalh/Desktop/ee314endtermproject/player_fsm.v Line: 34
Info (276014): Found 21 instances of uninferred RAM logic
    Info (276007): RAM logic "background:background_inst|image_memory" is uninferred due to asynchronous read logic File: C:/Users/mtalh/Desktop/ee314endtermproject/simple_background_rom.v Line: 22
    Info (276004): RAM logic "counter_display:counter_disp|digit_0" is uninferred due to inappropriate RAM size File: C:/Users/mtalh/Desktop/ee314endtermproject/counter_display.v Line: 10
    Info (276004): RAM logic "counter_display:counter_disp|digit_1" is uninferred due to inappropriate RAM size File: C:/Users/mtalh/Desktop/ee314endtermproject/counter_display.v Line: 11
    Info (276004): RAM logic "counter_display:counter_disp|digit_2" is uninferred due to inappropriate RAM size File: C:/Users/mtalh/Desktop/ee314endtermproject/counter_display.v Line: 12
    Info (276004): RAM logic "counter_display:counter_disp|digit_3" is uninferred due to inappropriate RAM size File: C:/Users/mtalh/Desktop/ee314endtermproject/counter_display.v Line: 13
    Info (276004): RAM logic "counter_display:counter_disp|digit_4" is uninferred due to inappropriate RAM size File: C:/Users/mtalh/Desktop/ee314endtermproject/counter_display.v Line: 14
    Info (276004): RAM logic "counter_display:counter_disp|digit_5" is uninferred due to inappropriate RAM size File: C:/Users/mtalh/Desktop/ee314endtermproject/counter_display.v Line: 15
    Info (276004): RAM logic "counter_display:counter_disp|digit_6" is uninferred due to inappropriate RAM size File: C:/Users/mtalh/Desktop/ee314endtermproject/counter_display.v Line: 16
    Info (276004): RAM logic "counter_display:counter_disp|digit_7" is uninferred due to inappropriate RAM size File: C:/Users/mtalh/Desktop/ee314endtermproject/counter_display.v Line: 17
    Info (276004): RAM logic "counter_display:counter_disp|digit_8" is uninferred due to inappropriate RAM size File: C:/Users/mtalh/Desktop/ee314endtermproject/counter_display.v Line: 18
    Info (276004): RAM logic "counter_display:counter_disp|digit_9" is uninferred due to inappropriate RAM size File: C:/Users/mtalh/Desktop/ee314endtermproject/counter_display.v Line: 19
    Info (276004): RAM logic "countdown_display:countdown_disp|digit_3" is uninferred due to inappropriate RAM size File: C:/Users/mtalh/Desktop/ee314endtermproject/countdown_display.v Line: 9
    Info (276004): RAM logic "countdown_display:countdown_disp|digit_2" is uninferred due to inappropriate RAM size File: C:/Users/mtalh/Desktop/ee314endtermproject/countdown_display.v Line: 10
    Info (276004): RAM logic "countdown_display:countdown_disp|digit_1" is uninferred due to inappropriate RAM size File: C:/Users/mtalh/Desktop/ee314endtermproject/countdown_display.v Line: 11
    Info (276004): RAM logic "countdown_display:countdown_disp|letter_G" is uninferred due to inappropriate RAM size File: C:/Users/mtalh/Desktop/ee314endtermproject/countdown_display.v Line: 14
    Info (276004): RAM logic "countdown_display:countdown_disp|letter_O" is uninferred due to inappropriate RAM size File: C:/Users/mtalh/Desktop/ee314endtermproject/countdown_display.v Line: 15
    Info (276007): RAM logic "menu_background:menu_bg|image_memory" is uninferred due to asynchronous read logic File: C:/Users/mtalh/Desktop/ee314endtermproject/menu_background.v Line: 22
    Info (276007): RAM logic "health_block_bars:bars|health_bar_full" is uninferred due to asynchronous read logic File: C:/Users/mtalh/Desktop/ee314endtermproject/health_block_bars.v Line: 27
    Info (276007): RAM logic "health_block_bars:bars|health_bar_empty" is uninferred due to asynchronous read logic File: C:/Users/mtalh/Desktop/ee314endtermproject/health_block_bars.v Line: 28
    Info (276007): RAM logic "health_block_bars:bars|block_bar_full" is uninferred due to asynchronous read logic File: C:/Users/mtalh/Desktop/ee314endtermproject/health_block_bars.v Line: 30
    Info (276007): RAM logic "health_block_bars:bars|block_bar_empty" is uninferred due to asynchronous read logic File: C:/Users/mtalh/Desktop/ee314endtermproject/health_block_bars.v Line: 31
Critical Warning (127005): Memory depth (32768) in the design file differs from memory depth (19200) in the Memory Initialization File "C:/Users/mtalh/Desktop/ee314endtermproject/db/game.ram0_background_57a05e4b.hdl.mif" -- setting initial value for remaining addresses to 0
Critical Warning (127005): Memory depth (32768) in the design file differs from memory depth (19200) in the Memory Initialization File "C:/Users/mtalh/Desktop/ee314endtermproject/db/game.ram0_menu_background_e1a1b479.hdl.mif" -- setting initial value for remaining addresses to 0
Critical Warning (127005): Memory depth (256) in the design file differs from memory depth (160) in the Memory Initialization File "C:/Users/mtalh/Desktop/ee314endtermproject/db/game.ram0_health_block_bars_9220e679.hdl.mif" -- setting initial value for remaining addresses to 0
Critical Warning (127005): Memory depth (256) in the design file differs from memory depth (160) in the Memory Initialization File "C:/Users/mtalh/Desktop/ee314endtermproject/db/game.ram1_health_block_bars_9220e679.hdl.mif" -- setting initial value for remaining addresses to 0
Critical Warning (127005): Memory depth (256) in the design file differs from memory depth (160) in the Memory Initialization File "C:/Users/mtalh/Desktop/ee314endtermproject/db/game.ram2_health_block_bars_9220e679.hdl.mif" -- setting initial value for remaining addresses to 0
Critical Warning (127005): Memory depth (256) in the design file differs from memory depth (160) in the Memory Initialization File "C:/Users/mtalh/Desktop/ee314endtermproject/db/game.ram3_health_block_bars_9220e679.hdl.mif" -- setting initial value for remaining addresses to 0
Info (19000): Inferred 12 megafunctions from design logic
    Info (276029): Inferred altsyncram megafunction from the following design logic: "character_render:ken_lose|ken_lose_rom_rtl_0" 
        Info (286033): Parameter OPERATION_MODE set to ROM
        Info (286033): Parameter WIDTH_A set to 8
        Info (286033): Parameter WIDTHAD_A set to 12
        Info (286033): Parameter NUMWORDS_A set to 3840
        Info (286033): Parameter OUTDATA_REG_A set to UNREGISTERED
        Info (286033): Parameter ADDRESS_ACLR_A set to NONE
        Info (286033): Parameter OUTDATA_ACLR_A set to NONE
        Info (286033): Parameter INDATA_ACLR_A set to NONE
        Info (286033): Parameter WRCONTROL_ACLR_A set to NONE
        Info (286033): Parameter INIT_FILE set to db/game.ram11_character_render_5cbc1fe7.hdl.mif
    Info (276029): Inferred altsyncram megafunction from the following design logic: "character_render:ken_blockstun|ken_block_rom_rtl_0" 
        Info (286033): Parameter OPERATION_MODE set to ROM
        Info (286033): Parameter WIDTH_A set to 8
        Info (286033): Parameter WIDTHAD_A set to 12
        Info (286033): Parameter NUMWORDS_A set to 3840
        Info (286033): Parameter OUTDATA_REG_A set to UNREGISTERED
        Info (286033): Parameter ADDRESS_ACLR_A set to NONE
        Info (286033): Parameter OUTDATA_ACLR_A set to NONE
        Info (286033): Parameter INDATA_ACLR_A set to NONE
        Info (286033): Parameter WRCONTROL_ACLR_A set to NONE
        Info (286033): Parameter INIT_FILE set to db/game.ram8_character_render_5cbc1fe7.hdl.mif
    Info (276029): Inferred altsyncram megafunction from the following design logic: "character_render:ken_hitstun|ken_stun_rom_rtl_0" 
        Info (286033): Parameter OPERATION_MODE set to ROM
        Info (286033): Parameter WIDTH_A set to 8
        Info (286033): Parameter WIDTHAD_A set to 12
        Info (286033): Parameter NUMWORDS_A set to 3840
        Info (286033): Parameter OUTDATA_REG_A set to UNREGISTERED
        Info (286033): Parameter ADDRESS_ACLR_A set to NONE
        Info (286033): Parameter OUTDATA_ACLR_A set to NONE
        Info (286033): Parameter INDATA_ACLR_A set to NONE
        Info (286033): Parameter WRCONTROL_ACLR_A set to NONE
        Info (286033): Parameter INIT_FILE set to db/game.ram10_character_render_5cbc1fe7.hdl.mif
    Info (276029): Inferred altsyncram megafunction from the following design logic: "character_render:ken_dir_attack|ken_dir_attack_rom_rtl_0" 
        Info (286033): Parameter OPERATION_MODE set to ROM
        Info (286033): Parameter WIDTH_A set to 8
        Info (286033): Parameter WIDTHAD_A set to 12
        Info (286033): Parameter NUMWORDS_A set to 3840
        Info (286033): Parameter OUTDATA_REG_A set to UNREGISTERED
        Info (286033): Parameter ADDRESS_ACLR_A set to NONE
        Info (286033): Parameter OUTDATA_ACLR_A set to NONE
        Info (286033): Parameter INDATA_ACLR_A set to NONE
        Info (286033): Parameter WRCONTROL_ACLR_A set to NONE
        Info (286033): Parameter INIT_FILE set to db/game.ram9_character_render_5cbc1fe7.hdl.mif
    Info (276029): Inferred altsyncram megafunction from the following design logic: "character_render:ken_attack_inst|ken_attack_rom_rtl_0" 
        Info (286033): Parameter OPERATION_MODE set to ROM
        Info (286033): Parameter WIDTH_A set to 8
        Info (286033): Parameter WIDTHAD_A set to 12
        Info (286033): Parameter NUMWORDS_A set to 3840
        Info (286033): Parameter OUTDATA_REG_A set to UNREGISTERED
        Info (286033): Parameter ADDRESS_ACLR_A set to NONE
        Info (286033): Parameter OUTDATA_ACLR_A set to NONE
        Info (286033): Parameter INDATA_ACLR_A set to NONE
        Info (286033): Parameter WRCONTROL_ACLR_A set to NONE
        Info (286033): Parameter INIT_FILE set to db/game.ram7_character_render_5cbc1fe7.hdl.mif
    Info (276029): Inferred altsyncram megafunction from the following design logic: "character_render:ken_idle|ken_idle_rom_rtl_0" 
        Info (286033): Parameter OPERATION_MODE set to ROM
        Info (286033): Parameter WIDTH_A set to 8
        Info (286033): Parameter WIDTHAD_A set to 12
        Info (286033): Parameter NUMWORDS_A set to 3840
        Info (286033): Parameter OUTDATA_REG_A set to UNREGISTERED
        Info (286033): Parameter ADDRESS_ACLR_A set to NONE
        Info (286033): Parameter OUTDATA_ACLR_A set to NONE
        Info (286033): Parameter INDATA_ACLR_A set to NONE
        Info (286033): Parameter WRCONTROL_ACLR_A set to NONE
        Info (286033): Parameter INIT_FILE set to db/game.ram6_character_render_5cbc1fe7.hdl.mif
    Info (276029): Inferred altsyncram megafunction from the following design logic: "character_render:ryu_lose|ryu_lose_rom_rtl_0" 
        Info (286033): Parameter OPERATION_MODE set to ROM
        Info (286033): Parameter WIDTH_A set to 8
        Info (286033): Parameter WIDTHAD_A set to 12
        Info (286033): Parameter NUMWORDS_A set to 3840
        Info (286033): Parameter OUTDATA_REG_A set to UNREGISTERED
        Info (286033): Parameter ADDRESS_ACLR_A set to NONE
        Info (286033): Parameter OUTDATA_ACLR_A set to NONE
        Info (286033): Parameter INDATA_ACLR_A set to NONE
        Info (286033): Parameter WRCONTROL_ACLR_A set to NONE
        Info (286033): Parameter INIT_FILE set to db/game.ram5_character_render_5cbc1fe7.hdl.mif
    Info (276029): Inferred altsyncram megafunction from the following design logic: "character_render:ryu_blockstun|ryu_block_rom_rtl_0" 
        Info (286033): Parameter OPERATION_MODE set to ROM
        Info (286033): Parameter WIDTH_A set to 8
        Info (286033): Parameter WIDTHAD_A set to 12
        Info (286033): Parameter NUMWORDS_A set to 3840
        Info (286033): Parameter OUTDATA_REG_A set to UNREGISTERED
        Info (286033): Parameter ADDRESS_ACLR_A set to NONE
        Info (286033): Parameter OUTDATA_ACLR_A set to NONE
        Info (286033): Parameter INDATA_ACLR_A set to NONE
        Info (286033): Parameter WRCONTROL_ACLR_A set to NONE
        Info (286033): Parameter INIT_FILE set to db/game.ram2_character_render_5cbc1fe7.hdl.mif
    Info (276029): Inferred altsyncram megafunction from the following design logic: "character_render:ryu_hitstun|ryu_stun_rom_rtl_0" 
        Info (286033): Parameter OPERATION_MODE set to ROM
        Info (286033): Parameter WIDTH_A set to 8
        Info (286033): Parameter WIDTHAD_A set to 12
        Info (286033): Parameter NUMWORDS_A set to 3840
        Info (286033): Parameter OUTDATA_REG_A set to UNREGISTERED
        Info (286033): Parameter ADDRESS_ACLR_A set to NONE
        Info (286033): Parameter OUTDATA_ACLR_A set to NONE
        Info (286033): Parameter INDATA_ACLR_A set to NONE
        Info (286033): Parameter WRCONTROL_ACLR_A set to NONE
        Info (286033): Parameter INIT_FILE set to db/game.ram4_character_render_5cbc1fe7.hdl.mif
    Info (276029): Inferred altsyncram megafunction from the following design logic: "character_render:ryu_dir_attack|ryu_dir_attack_rom_rtl_0" 
        Info (286033): Parameter OPERATION_MODE set to ROM
        Info (286033): Parameter WIDTH_A set to 8
        Info (286033): Parameter WIDTHAD_A set to 12
        Info (286033): Parameter NUMWORDS_A set to 3840
        Info (286033): Parameter OUTDATA_REG_A set to UNREGISTERED
        Info (286033): Parameter ADDRESS_ACLR_A set to NONE
        Info (286033): Parameter OUTDATA_ACLR_A set to NONE
        Info (286033): Parameter INDATA_ACLR_A set to NONE
        Info (286033): Parameter WRCONTROL_ACLR_A set to NONE
        Info (286033): Parameter INIT_FILE set to db/game.ram3_character_render_5cbc1fe7.hdl.mif
    Info (276029): Inferred altsyncram megafunction from the following design logic: "character_render:ryu_attack|ryu_attack_rom_rtl_0" 
        Info (286033): Parameter OPERATION_MODE set to ROM
        Info (286033): Parameter WIDTH_A set to 8
        Info (286033): Parameter WIDTHAD_A set to 12
        Info (286033): Parameter NUMWORDS_A set to 3840
        Info (286033): Parameter OUTDATA_REG_A set to UNREGISTERED
        Info (286033): Parameter ADDRESS_ACLR_A set to NONE
        Info (286033): Parameter OUTDATA_ACLR_A set to NONE
        Info (286033): Parameter INDATA_ACLR_A set to NONE
        Info (286033): Parameter WRCONTROL_ACLR_A set to NONE
        Info (286033): Parameter INIT_FILE set to db/game.ram1_character_render_5cbc1fe7.hdl.mif
    Info (276029): Inferred altsyncram megafunction from the following design logic: "character_render:ryu_idle|ryu_idle_rom_rtl_0" 
        Info (286033): Parameter OPERATION_MODE set to ROM
        Info (286033): Parameter WIDTH_A set to 8
        Info (286033): Parameter WIDTHAD_A set to 12
        Info (286033): Parameter NUMWORDS_A set to 3840
        Info (286033): Parameter OUTDATA_REG_A set to UNREGISTERED
        Info (286033): Parameter ADDRESS_ACLR_A set to NONE
        Info (286033): Parameter OUTDATA_ACLR_A set to NONE
        Info (286033): Parameter INDATA_ACLR_A set to NONE
        Info (286033): Parameter WRCONTROL_ACLR_A set to NONE
        Info (286033): Parameter INIT_FILE set to db/game.ram0_character_render_5cbc1fe7.hdl.mif
Info (278001): Inferred 2 megafunctions from design logic
    Info (278004): Inferred divider/modulo megafunction ("lpm_divide") from the following logic: "Mod0" File: C:/Users/mtalh/Desktop/ee314endtermproject/game.v Line: 789
    Info (278004): Inferred divider/modulo megafunction ("lpm_divide") from the following logic: "Div0" File: C:/Users/mtalh/Desktop/ee314endtermproject/game.v Line: 788
Info (12130): Elaborated megafunction instantiation "character_render:ken_lose|altsyncram:ken_lose_rom_rtl_0"
Info (12133): Instantiated megafunction "character_render:ken_lose|altsyncram:ken_lose_rom_rtl_0" with the following parameter:
    Info (12134): Parameter "OPERATION_MODE" = "ROM"
    Info (12134): Parameter "WIDTH_A" = "8"
    Info (12134): Parameter "WIDTHAD_A" = "12"
    Info (12134): Parameter "NUMWORDS_A" = "3840"
    Info (12134): Parameter "OUTDATA_REG_A" = "UNREGISTERED"
    Info (12134): Parameter "ADDRESS_ACLR_A" = "NONE"
    Info (12134): Parameter "OUTDATA_ACLR_A" = "NONE"
    Info (12134): Parameter "INDATA_ACLR_A" = "NONE"
    Info (12134): Parameter "WRCONTROL_ACLR_A" = "NONE"
    Info (12134): Parameter "INIT_FILE" = "db/game.ram11_character_render_5cbc1fe7.hdl.mif"
Info (12021): Found 1 design units, including 1 entities, in source file db/altsyncram_aoe1.tdf
    Info (12023): Found entity 1: altsyncram_aoe1 File: C:/Users/mtalh/Desktop/ee314endtermproject/db/altsyncram_aoe1.tdf Line: 28
Info (12130): Elaborated megafunction instantiation "character_render:ken_blockstun|altsyncram:ken_block_rom_rtl_0"
Info (12133): Instantiated megafunction "character_render:ken_blockstun|altsyncram:ken_block_rom_rtl_0" with the following parameter:
    Info (12134): Parameter "OPERATION_MODE" = "ROM"
    Info (12134): Parameter "WIDTH_A" = "8"
    Info (12134): Parameter "WIDTHAD_A" = "12"
    Info (12134): Parameter "NUMWORDS_A" = "3840"
    Info (12134): Parameter "OUTDATA_REG_A" = "UNREGISTERED"
    Info (12134): Parameter "ADDRESS_ACLR_A" = "NONE"
    Info (12134): Parameter "OUTDATA_ACLR_A" = "NONE"
    Info (12134): Parameter "INDATA_ACLR_A" = "NONE"
    Info (12134): Parameter "WRCONTROL_ACLR_A" = "NONE"
    Info (12134): Parameter "INIT_FILE" = "db/game.ram8_character_render_5cbc1fe7.hdl.mif"
Info (12021): Found 1 design units, including 1 entities, in source file db/altsyncram_0ne1.tdf
    Info (12023): Found entity 1: altsyncram_0ne1 File: C:/Users/mtalh/Desktop/ee314endtermproject/db/altsyncram_0ne1.tdf Line: 28
Info (12130): Elaborated megafunction instantiation "character_render:ken_hitstun|altsyncram:ken_stun_rom_rtl_0"
Info (12133): Instantiated megafunction "character_render:ken_hitstun|altsyncram:ken_stun_rom_rtl_0" with the following parameter:
    Info (12134): Parameter "OPERATION_MODE" = "ROM"
    Info (12134): Parameter "WIDTH_A" = "8"
    Info (12134): Parameter "WIDTHAD_A" = "12"
    Info (12134): Parameter "NUMWORDS_A" = "3840"
    Info (12134): Parameter "OUTDATA_REG_A" = "UNREGISTERED"
    Info (12134): Parameter "ADDRESS_ACLR_A" = "NONE"
    Info (12134): Parameter "OUTDATA_ACLR_A" = "NONE"
    Info (12134): Parameter "INDATA_ACLR_A" = "NONE"
    Info (12134): Parameter "WRCONTROL_ACLR_A" = "NONE"
    Info (12134): Parameter "INIT_FILE" = "db/game.ram10_character_render_5cbc1fe7.hdl.mif"
Info (12021): Found 1 design units, including 1 entities, in source file db/altsyncram_9oe1.tdf
    Info (12023): Found entity 1: altsyncram_9oe1 File: C:/Users/mtalh/Desktop/ee314endtermproject/db/altsyncram_9oe1.tdf Line: 28
Info (12130): Elaborated megafunction instantiation "character_render:ken_dir_attack|altsyncram:ken_dir_attack_rom_rtl_0"
Info (12133): Instantiated megafunction "character_render:ken_dir_attack|altsyncram:ken_dir_attack_rom_rtl_0" with the following parameter:
    Info (12134): Parameter "OPERATION_MODE" = "ROM"
    Info (12134): Parameter "WIDTH_A" = "8"
    Info (12134): Parameter "WIDTHAD_A" = "12"
    Info (12134): Parameter "NUMWORDS_A" = "3840"
    Info (12134): Parameter "OUTDATA_REG_A" = "UNREGISTERED"
    Info (12134): Parameter "ADDRESS_ACLR_A" = "NONE"
    Info (12134): Parameter "OUTDATA_ACLR_A" = "NONE"
    Info (12134): Parameter "INDATA_ACLR_A" = "NONE"
    Info (12134): Parameter "WRCONTROL_ACLR_A" = "NONE"
    Info (12134): Parameter "INIT_FILE" = "db/game.ram9_character_render_5cbc1fe7.hdl.mif"
Info (12021): Found 1 design units, including 1 entities, in source file db/altsyncram_1ne1.tdf
    Info (12023): Found entity 1: altsyncram_1ne1 File: C:/Users/mtalh/Desktop/ee314endtermproject/db/altsyncram_1ne1.tdf Line: 28
Info (12130): Elaborated megafunction instantiation "character_render:ken_attack_inst|altsyncram:ken_attack_rom_rtl_0"
Info (12133): Instantiated megafunction "character_render:ken_attack_inst|altsyncram:ken_attack_rom_rtl_0" with the following parameter:
    Info (12134): Parameter "OPERATION_MODE" = "ROM"
    Info (12134): Parameter "WIDTH_A" = "8"
    Info (12134): Parameter "WIDTHAD_A" = "12"
    Info (12134): Parameter "NUMWORDS_A" = "3840"
    Info (12134): Parameter "OUTDATA_REG_A" = "UNREGISTERED"
    Info (12134): Parameter "ADDRESS_ACLR_A" = "NONE"
    Info (12134): Parameter "OUTDATA_ACLR_A" = "NONE"
    Info (12134): Parameter "INDATA_ACLR_A" = "NONE"
    Info (12134): Parameter "WRCONTROL_ACLR_A" = "NONE"
    Info (12134): Parameter "INIT_FILE" = "db/game.ram7_character_render_5cbc1fe7.hdl.mif"
Info (12021): Found 1 design units, including 1 entities, in source file db/altsyncram_vme1.tdf
    Info (12023): Found entity 1: altsyncram_vme1 File: C:/Users/mtalh/Desktop/ee314endtermproject/db/altsyncram_vme1.tdf Line: 28
Info (12130): Elaborated megafunction instantiation "character_render:ken_idle|altsyncram:ken_idle_rom_rtl_0"
Info (12133): Instantiated megafunction "character_render:ken_idle|altsyncram:ken_idle_rom_rtl_0" with the following parameter:
    Info (12134): Parameter "OPERATION_MODE" = "ROM"
    Info (12134): Parameter "WIDTH_A" = "8"
    Info (12134): Parameter "WIDTHAD_A" = "12"
    Info (12134): Parameter "NUMWORDS_A" = "3840"
    Info (12134): Parameter "OUTDATA_REG_A" = "UNREGISTERED"
    Info (12134): Parameter "ADDRESS_ACLR_A" = "NONE"
    Info (12134): Parameter "OUTDATA_ACLR_A" = "NONE"
    Info (12134): Parameter "INDATA_ACLR_A" = "NONE"
    Info (12134): Parameter "WRCONTROL_ACLR_A" = "NONE"
    Info (12134): Parameter "INIT_FILE" = "db/game.ram6_character_render_5cbc1fe7.hdl.mif"
Info (12021): Found 1 design units, including 1 entities, in source file db/altsyncram_ume1.tdf
    Info (12023): Found entity 1: altsyncram_ume1 File: C:/Users/mtalh/Desktop/ee314endtermproject/db/altsyncram_ume1.tdf Line: 28
Info (12130): Elaborated megafunction instantiation "character_render:ryu_lose|altsyncram:ryu_lose_rom_rtl_0"
Info (12133): Instantiated megafunction "character_render:ryu_lose|altsyncram:ryu_lose_rom_rtl_0" with the following parameter:
    Info (12134): Parameter "OPERATION_MODE" = "ROM"
    Info (12134): Parameter "WIDTH_A" = "8"
    Info (12134): Parameter "WIDTHAD_A" = "12"
    Info (12134): Parameter "NUMWORDS_A" = "3840"
    Info (12134): Parameter "OUTDATA_REG_A" = "UNREGISTERED"
    Info (12134): Parameter "ADDRESS_ACLR_A" = "NONE"
    Info (12134): Parameter "OUTDATA_ACLR_A" = "NONE"
    Info (12134): Parameter "INDATA_ACLR_A" = "NONE"
    Info (12134): Parameter "WRCONTROL_ACLR_A" = "NONE"
    Info (12134): Parameter "INIT_FILE" = "db/game.ram5_character_render_5cbc1fe7.hdl.mif"
Info (12021): Found 1 design units, including 1 entities, in source file db/altsyncram_tme1.tdf
    Info (12023): Found entity 1: altsyncram_tme1 File: C:/Users/mtalh/Desktop/ee314endtermproject/db/altsyncram_tme1.tdf Line: 28
Info (12130): Elaborated megafunction instantiation "character_render:ryu_blockstun|altsyncram:ryu_block_rom_rtl_0"
Info (12133): Instantiated megafunction "character_render:ryu_blockstun|altsyncram:ryu_block_rom_rtl_0" with the following parameter:
    Info (12134): Parameter "OPERATION_MODE" = "ROM"
    Info (12134): Parameter "WIDTH_A" = "8"
    Info (12134): Parameter "WIDTHAD_A" = "12"
    Info (12134): Parameter "NUMWORDS_A" = "3840"
    Info (12134): Parameter "OUTDATA_REG_A" = "UNREGISTERED"
    Info (12134): Parameter "ADDRESS_ACLR_A" = "NONE"
    Info (12134): Parameter "OUTDATA_ACLR_A" = "NONE"
    Info (12134): Parameter "INDATA_ACLR_A" = "NONE"
    Info (12134): Parameter "WRCONTROL_ACLR_A" = "NONE"
    Info (12134): Parameter "INIT_FILE" = "db/game.ram2_character_render_5cbc1fe7.hdl.mif"
Info (12021): Found 1 design units, including 1 entities, in source file db/altsyncram_qme1.tdf
    Info (12023): Found entity 1: altsyncram_qme1 File: C:/Users/mtalh/Desktop/ee314endtermproject/db/altsyncram_qme1.tdf Line: 28
Info (12130): Elaborated megafunction instantiation "character_render:ryu_hitstun|altsyncram:ryu_stun_rom_rtl_0"
Info (12133): Instantiated megafunction "character_render:ryu_hitstun|altsyncram:ryu_stun_rom_rtl_0" with the following parameter:
    Info (12134): Parameter "OPERATION_MODE" = "ROM"
    Info (12134): Parameter "WIDTH_A" = "8"
    Info (12134): Parameter "WIDTHAD_A" = "12"
    Info (12134): Parameter "NUMWORDS_A" = "3840"
    Info (12134): Parameter "OUTDATA_REG_A" = "UNREGISTERED"
    Info (12134): Parameter "ADDRESS_ACLR_A" = "NONE"
    Info (12134): Parameter "OUTDATA_ACLR_A" = "NONE"
    Info (12134): Parameter "INDATA_ACLR_A" = "NONE"
    Info (12134): Parameter "WRCONTROL_ACLR_A" = "NONE"
    Info (12134): Parameter "INIT_FILE" = "db/game.ram4_character_render_5cbc1fe7.hdl.mif"
Info (12021): Found 1 design units, including 1 entities, in source file db/altsyncram_sme1.tdf
    Info (12023): Found entity 1: altsyncram_sme1 File: C:/Users/mtalh/Desktop/ee314endtermproject/db/altsyncram_sme1.tdf Line: 28
Info (12130): Elaborated megafunction instantiation "character_render:ryu_dir_attack|altsyncram:ryu_dir_attack_rom_rtl_0"
Info (12133): Instantiated megafunction "character_render:ryu_dir_attack|altsyncram:ryu_dir_attack_rom_rtl_0" with the following parameter:
    Info (12134): Parameter "OPERATION_MODE" = "ROM"
    Info (12134): Parameter "WIDTH_A" = "8"
    Info (12134): Parameter "WIDTHAD_A" = "12"
    Info (12134): Parameter "NUMWORDS_A" = "3840"
    Info (12134): Parameter "OUTDATA_REG_A" = "UNREGISTERED"
    Info (12134): Parameter "ADDRESS_ACLR_A" = "NONE"
    Info (12134): Parameter "OUTDATA_ACLR_A" = "NONE"
    Info (12134): Parameter "INDATA_ACLR_A" = "NONE"
    Info (12134): Parameter "WRCONTROL_ACLR_A" = "NONE"
    Info (12134): Parameter "INIT_FILE" = "db/game.ram3_character_render_5cbc1fe7.hdl.mif"
Info (12021): Found 1 design units, including 1 entities, in source file db/altsyncram_rme1.tdf
    Info (12023): Found entity 1: altsyncram_rme1 File: C:/Users/mtalh/Desktop/ee314endtermproject/db/altsyncram_rme1.tdf Line: 28
Info (12130): Elaborated megafunction instantiation "character_render:ryu_attack|altsyncram:ryu_attack_rom_rtl_0"
Info (12133): Instantiated megafunction "character_render:ryu_attack|altsyncram:ryu_attack_rom_rtl_0" with the following parameter:
    Info (12134): Parameter "OPERATION_MODE" = "ROM"
    Info (12134): Parameter "WIDTH_A" = "8"
    Info (12134): Parameter "WIDTHAD_A" = "12"
    Info (12134): Parameter "NUMWORDS_A" = "3840"
    Info (12134): Parameter "OUTDATA_REG_A" = "UNREGISTERED"
    Info (12134): Parameter "ADDRESS_ACLR_A" = "NONE"
    Info (12134): Parameter "OUTDATA_ACLR_A" = "NONE"
    Info (12134): Parameter "INDATA_ACLR_A" = "NONE"
    Info (12134): Parameter "WRCONTROL_ACLR_A" = "NONE"
    Info (12134): Parameter "INIT_FILE" = "db/game.ram1_character_render_5cbc1fe7.hdl.mif"
Info (12021): Found 1 design units, including 1 entities, in source file db/altsyncram_pme1.tdf
    Info (12023): Found entity 1: altsyncram_pme1 File: C:/Users/mtalh/Desktop/ee314endtermproject/db/altsyncram_pme1.tdf Line: 28
Info (12130): Elaborated megafunction instantiation "character_render:ryu_idle|altsyncram:ryu_idle_rom_rtl_0"
Info (12133): Instantiated megafunction "character_render:ryu_idle|altsyncram:ryu_idle_rom_rtl_0" with the following parameter:
    Info (12134): Parameter "OPERATION_MODE" = "ROM"
    Info (12134): Parameter "WIDTH_A" = "8"
    Info (12134): Parameter "WIDTHAD_A" = "12"
    Info (12134): Parameter "NUMWORDS_A" = "3840"
    Info (12134): Parameter "OUTDATA_REG_A" = "UNREGISTERED"
    Info (12134): Parameter "ADDRESS_ACLR_A" = "NONE"
    Info (12134): Parameter "OUTDATA_ACLR_A" = "NONE"
    Info (12134): Parameter "INDATA_ACLR_A" = "NONE"
    Info (12134): Parameter "WRCONTROL_ACLR_A" = "NONE"
    Info (12134): Parameter "INIT_FILE" = "db/game.ram0_character_render_5cbc1fe7.hdl.mif"
Info (12021): Found 1 design units, including 1 entities, in source file db/altsyncram_ome1.tdf
    Info (12023): Found entity 1: altsyncram_ome1 File: C:/Users/mtalh/Desktop/ee314endtermproject/db/altsyncram_ome1.tdf Line: 28
Info (12130): Elaborated megafunction instantiation "lpm_divide:Mod0" File: C:/Users/mtalh/Desktop/ee314endtermproject/game.v Line: 789
Info (12133): Instantiated megafunction "lpm_divide:Mod0" with the following parameter: File: C:/Users/mtalh/Desktop/ee314endtermproject/game.v Line: 789
    Info (12134): Parameter "LPM_WIDTHN" = "7"
    Info (12134): Parameter "LPM_WIDTHD" = "4"
    Info (12134): Parameter "LPM_NREPRESENTATION" = "UNSIGNED"
    Info (12134): Parameter "LPM_DREPRESENTATION" = "UNSIGNED"
Info (12021): Found 1 design units, including 1 entities, in source file db/lpm_divide_72m.tdf
    Info (12023): Found entity 1: lpm_divide_72m File: C:/Users/mtalh/Desktop/ee314endtermproject/db/lpm_divide_72m.tdf Line: 25
Info (12021): Found 1 design units, including 1 entities, in source file db/sign_div_unsign_akh.tdf
    Info (12023): Found entity 1: sign_div_unsign_akh File: C:/Users/mtalh/Desktop/ee314endtermproject/db/sign_div_unsign_akh.tdf Line: 25
Info (12021): Found 1 design units, including 1 entities, in source file db/alt_u_div_qse.tdf
    Info (12023): Found entity 1: alt_u_div_qse File: C:/Users/mtalh/Desktop/ee314endtermproject/db/alt_u_div_qse.tdf Line: 23
Info (12130): Elaborated megafunction instantiation "lpm_divide:Div0" File: C:/Users/mtalh/Desktop/ee314endtermproject/game.v Line: 788
Info (12133): Instantiated megafunction "lpm_divide:Div0" with the following parameter: File: C:/Users/mtalh/Desktop/ee314endtermproject/game.v Line: 788
    Info (12134): Parameter "LPM_WIDTHN" = "7"
    Info (12134): Parameter "LPM_WIDTHD" = "4"
    Info (12134): Parameter "LPM_NREPRESENTATION" = "UNSIGNED"
    Info (12134): Parameter "LPM_DREPRESENTATION" = "UNSIGNED"
Info (12021): Found 1 design units, including 1 entities, in source file db/lpm_divide_4am.tdf
    Info (12023): Found entity 1: lpm_divide_4am File: C:/Users/mtalh/Desktop/ee314endtermproject/db/lpm_divide_4am.tdf Line: 25
Warning (12241): 15 hierarchies have connectivity warnings - see the Connectivity Checks report folder
Warning (13024): Output pins are stuck at VCC or GND
    Warning (13410): Pin "HEX3[1]" is stuck at VCC File: C:/Users/mtalh/Desktop/ee314endtermproject/game.v Line: 17
    Warning (13410): Pin "VGA_BLANK_N" is stuck at VCC File: C:/Users/mtalh/Desktop/ee314endtermproject/game.v Line: 31
    Warning (13410): Pin "VGA_B[0]" is stuck at GND File: C:/Users/mtalh/Desktop/ee314endtermproject/game.v Line: 32
    Warning (13410): Pin "VGA_B[1]" is stuck at GND File: C:/Users/mtalh/Desktop/ee314endtermproject/game.v Line: 32
    Warning (13410): Pin "VGA_B[2]" is stuck at GND File: C:/Users/mtalh/Desktop/ee314endtermproject/game.v Line: 32
    Warning (13410): Pin "VGA_B[3]" is stuck at GND File: C:/Users/mtalh/Desktop/ee314endtermproject/game.v Line: 32
    Warning (13410): Pin "VGA_B[4]" is stuck at GND File: C:/Users/mtalh/Desktop/ee314endtermproject/game.v Line: 32
    Warning (13410): Pin "VGA_B[5]" is stuck at GND File: C:/Users/mtalh/Desktop/ee314endtermproject/game.v Line: 32
    Warning (13410): Pin "VGA_G[0]" is stuck at GND File: C:/Users/mtalh/Desktop/ee314endtermproject/game.v Line: 34
    Warning (13410): Pin "VGA_G[1]" is stuck at GND File: C:/Users/mtalh/Desktop/ee314endtermproject/game.v Line: 34
    Warning (13410): Pin "VGA_G[2]" is stuck at GND File: C:/Users/mtalh/Desktop/ee314endtermproject/game.v Line: 34
    Warning (13410): Pin "VGA_G[3]" is stuck at GND File: C:/Users/mtalh/Desktop/ee314endtermproject/game.v Line: 34
    Warning (13410): Pin "VGA_G[4]" is stuck at GND File: C:/Users/mtalh/Desktop/ee314endtermproject/game.v Line: 34
    Warning (13410): Pin "VGA_R[0]" is stuck at GND File: C:/Users/mtalh/Desktop/ee314endtermproject/game.v Line: 36
    Warning (13410): Pin "VGA_R[1]" is stuck at GND File: C:/Users/mtalh/Desktop/ee314endtermproject/game.v Line: 36
    Warning (13410): Pin "VGA_R[2]" is stuck at GND File: C:/Users/mtalh/Desktop/ee314endtermproject/game.v Line: 36
    Warning (13410): Pin "VGA_R[3]" is stuck at GND File: C:/Users/mtalh/Desktop/ee314endtermproject/game.v Line: 36
    Warning (13410): Pin "VGA_R[4]" is stuck at GND File: C:/Users/mtalh/Desktop/ee314endtermproject/game.v Line: 36
    Warning (13410): Pin "VGA_SYNC_N" is stuck at VCC File: C:/Users/mtalh/Desktop/ee314endtermproject/game.v Line: 37
Info (286030): Timing-Driven Synthesis is running
Info (17049): 30 registers lost all their fanouts during netlist optimizations.
Info (16010): Generating hard_block partition "hard_block:auto_generated_inst"
    Info (16011): Adding 0 node(s), including 0 DDIO, 0 PLL, 0 transceiver and 0 LCELL
Warning (21074): Design contains 7 input pin(s) that do not drive logic
    Warning (15610): No output dependent on input pin "CLOCK2_50" File: C:/Users/mtalh/Desktop/ee314endtermproject/game.v Line: 8
    Warning (15610): No output dependent on input pin "CLOCK3_50" File: C:/Users/mtalh/Desktop/ee314endtermproject/game.v Line: 9
    Warning (15610): No output dependent on input pin "CLOCK4_50" File: C:/Users/mtalh/Desktop/ee314endtermproject/game.v Line: 10
    Warning (15610): No output dependent on input pin "SW[2]" File: C:/Users/mtalh/Desktop/ee314endtermproject/game.v Line: 28
    Warning (15610): No output dependent on input pin "SW[3]" File: C:/Users/mtalh/Desktop/ee314endtermproject/game.v Line: 28
    Warning (15610): No output dependent on input pin "SW[7]" File: C:/Users/mtalh/Desktop/ee314endtermproject/game.v Line: 28
    Warning (15610): No output dependent on input pin "SW[8]" File: C:/Users/mtalh/Desktop/ee314endtermproject/game.v Line: 28
Info (21057): Implemented 5494 device resources after synthesis - the final resource count might be different
    Info (21058): Implemented 18 input pins
    Info (21059): Implemented 81 output pins
    Info (21061): Implemented 5299 logic cells
    Info (21064): Implemented 96 RAM segments
Info: Quartus Prime Analysis & Synthesis was successful. 0 errors, 376 warnings
    Info: Peak virtual memory: 4962 megabytes
    Info: Processing ended: Wed Jun 25 07:10:58 2025
    Info: Elapsed time: 00:00:42
    Info: Total CPU time (on all processors): 00:00:39


